datetime,open,high,low,close,volume
2026-03-12T03:00:00+00:00,53887.51,54025.01,53745.5,54015.49,3795
2026-03-12T04:00:00+00:00,54015.49,54170,53880.49,53895.01,2467
2026-03-12T05:00:00+00:00,53895.01,54260.01,53880.49,54205.51,4108
2026-03-12T06:00:00+00:00,54205.51,54505.01,54155.49,54435.5,2833
2026-03-12T07:00:00+00:00,54435.5,54580,54305.49,54555.51,1341
2026-03-12T08:00:00+00:00,54555.51,54755,54432.49,54635.01,4004
2026-03-12T09:00:00+00:00,54635.01,54685.01,54364.99,54669.99,2873
2026-03-12T10:00:00+00:00,54669.99,54720,54482.5,54502.49,2424
2026-03-12T11:00:00+00:00,54502.49,54660.01,54425.51,54475.01,2135
2026-03-12T12:00:00+00:00,54475.01,54500,54270.01,54410,2920
2026-03-12T13:00:00+00:00,54410,54480.01,53810,53925.5,8605
2026-03-12T14:00:00+00:00,53925.5,54105.5,53704.99,53780,7760
2026-03-12T15:00:00+00:00,53780,53910.01,53472.49,53879.99,7456
2026-03-12T16:00:00+00:00,53879.99,54062.51,53625.49,53925.5,7830
2026-03-12T17:00:00+00:00,53925.5,54045,53790,53875.01,5114
2026-03-12T18:00:00+00:00,53875.01,53980.01,53799.99,53810,4091
2026-03-12T19:00:00+00:00,53810,53945,53690.49,53732.51,4051
2026-03-12T20:00:00+00:00,53732.51,53765.01,53660.49,53690.01,1553
2026-03-12T22:00:00+00:00,53687.51,53742.49,53452.99,53677.49,657
2026-03-12T23:00:00+00:00,53677.49,53842.49,53437.99,53443.01,1766
2026-03-13T00:00:00+00:00,53443.01,53798,52992.99,53607.99,6394
2026-03-13T01:00:00+00:00,53607.99,54038,53603.01,53792.99,4565
2026-03-13T02:00:00+00:00,53792.99,53912.5,53688,53767.99,3231
2026-03-13T03:00:00+00:00,53767.99,53872.49,53647.99,53837.99,3024
2026-03-13T04:00:00+00:00,53837.99,53897.51,53597.99,53622.5,2213
2026-03-13T05:00:00+00:00,53622.5,53807.49,53563,53753.01,2248
2026-03-13T06:00:00+00:00,53753.01,53842.5,53437.5,53437.99,3381
2026-03-13T07:00:00+00:00,53437.99,53477.49,53122.99,53170.01,2478
2026-03-13T08:00:00+00:00,53170.01,53249.99,52672.5,53212.49,6884
2026-03-13T09:00:00+00:00,53212.49,53422.49,53142.49,53275,4368
2026-03-13T10:00:00+00:00,53275,53782.51,53254.99,53772.49,3987
2026-03-13T11:00:00+00:00,53772.49,53870.01,53652.49,53852.5,2948
2026-03-13T12:00:00+00:00,53852.5,54082.51,53765,53935.01,3591
2026-03-13T13:00:00+00:00,53935.01,54247.51,53893,53928,6033
2026-03-13T14:00:00+00:00,53928,54027.49,53382.99,53417.5,8619
2026-03-13T15:00:00+00:00,53417.5,53647.51,53188,53232.51,7557
2026-03-13T16:00:00+00:00,53232.51,53429.99,53189.99,53262.5,6253
2026-03-13T17:00:00+00:00,53262.5,53430.01,53070.01,53127.5,3864
2026-03-13T18:00:00+00:00,53127.5,53364.99,53074.99,53320,3152
2026-03-13T19:00:00+00:00,53320,53322.49,53064.99,53193.01,2854
2026-03-13T20:00:00+00:00,53193.01,53212.49,53117.99,53160,1025
2026-03-15T22:00:00+00:00,53160,53488.01,52787.99,53383.01,890
2026-03-15T23:00:00+00:00,53383.01,53677.99,53223.01,53642.99,1546
2026-03-16T00:00:00+00:00,53642.99,53962.5,53532.99,53713.01,5356
2026-03-16T01:00:00+00:00,53713.01,53792.51,53177.99,53423,4582
2026-03-16T02:00:00+00:00,53423,53453,53078,53187.99,3252
2026-03-16T03:00:00+00:00,53187.99,53592.5,53177.99,53557.99,1877
2026-03-16T04:00:00+00:00,53557.99,53667.51,53497.99,53527.5,1411
2026-03-16T05:00:00+00:00,53527.5,53712.51,53372.99,53687.49,1768
2026-03-16T06:00:00+00:00,53687.49,53767.51,53612.99,53757.49,2069
2026-03-16T07:00:00+00:00,53757.49,53827.51,53442.99,53502.49,1815
2026-03-16T08:00:00+00:00,53502.49,53700,53404.99,53532.49,4870
2026-03-16T09:00:00+00:00,53532.49,53590.01,53362.49,53450,4453
2026-03-16T10:00:00+00:00,53450,54047.5,53432.49,54039.99,3778
2026-03-16T11:00:00+00:00,54039.99,54087.5,53909.99,54070,2349
2026-03-16T12:00:00+00:00,54070,54337.51,54067.49,54215.01,2372
2026-03-16T13:00:00+00:00,54215.01,54517.5,54208,54502.5,3767
2026-03-16T14:00:00+00:00,54502.5,54552.51,54197.51,54439.99,4412
2026-03-16T15:00:00+00:00,54439.99,54505.01,54267.49,54277.51,3576
2026-03-16T16:00:00+00:00,54277.51,54364.99,54142.99,54240.01,4105
2026-03-16T17:00:00+00:00,54240.01,54367.51,54192.49,54252.49,2580
2026-03-16T18:00:00+00:00,54252.49,54427.51,54252.49,54365.01,1725
2026-03-16T19:00:00+00:00,54365.01,54567.49,54279.99,54448.01,2974
2026-03-16T20:00:00+00:00,54448.01,54497.51,54325,54362.99,1051
2026-03-16T22:00:00+00:00,54362.99,54377.99,54192.99,54208,356
2026-03-16T23:00:00+00:00,54208,54452.99,54208,54303.01,844.8703526712511
2026-03-17T00:00:00+00:00,54303.01,54363,53752.99,53848.01,3580
2026-03-17T01:00:00+00:00,53848.01,54060.01,53802.99,54008,2066
2026-03-17T02:00:00+00:00,54008,54030,53887.5,53887.5,1574
2026-03-17T03:00:00+00:00,53887.5,54044.99,53832.99,53902.49,1889
2026-03-17T04:00:00+00:00,53902.49,54015.01,53847.99,53932.5,1438
2026-03-17T05:00:00+00:00,53932.5,53987.5,53637.99,53662.49,1813
2026-03-17T06:00:00+00:00,53662.49,53707.51,53437.99,53582.49,3969
2026-03-17T07:00:00+00:00,53582.49,53802.51,53538.01,53707.49,1338
2026-03-17T08:00:00+00:00,53707.49,53845,53649.99,53724.99,4232
2026-03-17T09:00:00+00:00,53724.99,54035.01,53724.99,54002.51,2725
2026-03-17T10:00:00+00:00,54002.51,54022.5,53837.5,54017.49,2179
2026-03-17T11:00:00+00:00,54017.49,54032.5,53912.99,53932.51,1626
2026-03-17T12:00:00+00:00,53932.51,54279.99,53917.49,54247.51,1968
2026-03-17T13:00:00+00:00,54247.51,54647.49,54247.49,54560.5,3370
2026-03-17T14:00:00+00:00,54560.5,54602.5,54407.49,54547.49,4027
2026-03-17T15:00:00+00:00,54547.49,54582.5,54192.49,54259.99,4290
2026-03-17T16:00:00+00:00,54259.99,54327.479999999996,54145,54237.5,4036
2026-03-17T17:00:00+00:00,54237.5,54377.49,54215.479999999996,54374.99,1897
2026-03-17T18:00:00+00:00,54374.99,54420,54267.479999999996,54350,1516
2026-03-17T19:00:00+00:00,54350,54360,54274.979999999996,54352.49,1101
2026-03-17T20:00:00+00:00,54352.49,54494.99,54335,54459.979999999996,961
2026-03-17T22:00:00+00:00,54402.49,54402.49,54257.07,54332.07,118
2026-03-17T23:00:00+00:00,54332.07,54392.07,54232.09,54237.08,688.5312828092718
2026-03-18T00:00:00+00:00,54237.08,54576.59,54227.09,54552.09,2635
2026-03-18T01:00:00+00:00,54552.09,54816.59,54552.09,54679.079999999994,1949
2026-03-18T02:00:00+00:00,54679.079999999994,54889.09999999999,54671.59999999999,54881.59,1658
2026-03-18T03:00:00+00:00,54881.59,55031.59999999999,54827.079999999994,54997.09,1031
2026-03-18T04:00:00+00:00,54997.09,55149.09,54997.09,55109.09,995
2026-03-18T05:00:00+00:00,55109.09,55166.59999999999,55042.09,55111.59,797
2026-03-18T06:00:00+00:00,55111.59,55281.59,54989.09,55089.09999999999,2155
2026-03-18T07:00:00+00:00,55089.09999999999,55111.59999999999,54971.579999999994,54984.09,633
2026-03-18T08:00:00+00:00,54984.09,54984.09,54776.59,54846.579999999994,2586
2026-03-18T09:00:00+00:00,54846.579999999994,54876.59999999999,54711.59999999999,54721.59999999999,1845
2026-03-18T10:00:00+00:00,54721.59999999999,54854.09999999999,54696.59999999999,54716.59,1199
2026-03-18T11:00:00+00:00,54716.59,54791.579999999994,54491.59999999999,54611.59,2899
2026-03-18T12:00:00+00:00,54611.59,54626.59999999999,54019.079999999994,54031.59999999999,5291
2026-03-18T13:00:00+00:00,54031.59999999999,54316.59,53971.579999999994,54262.09999999999,6414
2026-03-18T14:00:00+00:00,54262.09999999999,54356.579999999994,53989.09,54176.59,4488
2026-03-18T15:00:00+00:00,54176.59,54276.59999999999,54071.579999999994,54121.59999999999,4228
2026-03-18T16:00:00+00:00,54121.59999999999,54174.09999999999,54016.59,54129.09,2675
2026-03-18T17:00:00+00:00,54129.09,54256.59999999999,54039.09999999999,54219.079999999994,2036
2026-03-18T18:00:00+00:00,54219.079999999994,54276.59,53856.579999999994,53886.59,4061
2026-03-18T19:00:00+00:00,53886.59,54014.09,53601.579999999994,53659.079999999994,3204
2026-03-18T20:00:00+00:00,53659.079999999994,53661.59,53297.079999999994,53426.59,1396
2026-03-18T22:00:00+00:00,53421.58,53497.3,53372.79,53482.8,221
2026-03-18T23:00:00+00:00,53482.8,53822.29,53462.81,53527.81,1182.5719123842875
2026-03-19T00:00:00+00:00,53527.81,53824.79,53442.79,53667.8,4099
2026-03-19T01:00:00+00:00,53667.8,53772.3,53532.79,53662.3,2744
2026-03-19T02:00:00+00:00,53662.3,53882.8,53527.81,53732.8,2602
2026-03-19T03:00:00+00:00,53732.8,53782.31,53597.79,53604.8,1754
2026-03-19T04:00:00+00:00,53604.8,53604.8,53347.79,53397.81,2007
2026-03-19T05:00:00+00:00,53397.81,53477.31,53102.79,53102.8,2857
2026-03-19T06:00:00+00:00,53102.8,53332.3,53012.8,53102.8,2166
2026-03-19T07:00:00+00:00,53102.8,53177.8,52792.3,52842.29,1822
2026-03-19T08:00:00+00:00,52842.29,53002.31,52409.81,52574.81,8067
2026-03-19T09:00:00+00:00,52574.81,52984.81,52339.8,52927.3,8320
2026-03-19T10:00:00+00:00,52927.3,52927.3,52517.3,52597.29,4425
2026-03-19T11:00:00+00:00,52597.29,52689.79,52354.8,52572.79,4063
2026-03-19T12:00:00+00:00,52572.79,52604.8,52047.3,52099.81,5468
2026-03-19T13:00:00+00:00,52099.81,52452.3,51834.8,52422.8,11075
2026-03-19T14:00:00+00:00,52422.8,52579.81,52207.29,52487.29,9321
2026-03-19T15:00:00+00:00,52487.29,52752.31,52259.79,52554.79,8857
2026-03-19T16:00:00+00:00,52554.79,52654.81,52342.29,52442.81,7559
2026-03-19T17:00:00+00:00,52442.81,52534.79,52199.79,52447.31,4219
2026-03-19T18:00:00+00:00,52447.31,52649.8,52329.8,52627.3,3705
2026-03-19T19:00:00+00:00,52627.3,53289.79,52609.79,52982.81,10505
2026-03-19T20:00:00+00:00,52982.81,53187.29,52952.79,53187.29,919
2026-03-19T22:00:00+00:00,53187.29,53287.3,53142.79,53142.81,238
2026-03-19T23:00:00+00:00,53142.81,53387.81,53142.79,53307.81,730.9499496991481
2026-03-20T00:00:00+00:00,53307.81,53357.81,53002.8,53237.29,2271
2026-03-20T01:00:00+00:00,53237.29,53547.81,53192.81,53369.79,2229
2026-03-20T02:00:00+00:00,53369.79,53467.31,53307.8,53417.3,971
2026-03-20T03:00:00+00:00,53417.3,53442.29,53322.8,53372.81,680
2026-03-20T04:00:00+00:00,53372.81,53422.31,53312.79,53342.8,470
2026-03-20T05:00:00+00:00,53342.8,53412.31,53217.79,53402.31,882
2026-03-20T06:00:00+00:00,53402.31,53452.31,53162.79,53177.8,801
2026-03-20T07:00:00+00:00,53177.8,53457.29,53052.79,53414.79,1080
2026-03-20T08:00:00+00:00,53414.79,53617.3,53374.81,53462.3,4217
2026-03-20T09:00:00+00:00,53462.3,53507.31,52844.81,52922.29,6448
2026-03-20T10:00:00+00:00,52922.29,52957.31,52637.29,52794.81,6397
2026-03-20T11:00:00+00:00,52794.81,53107.29,52784.8,53099.8,4299
2026-03-20T12:00:00+00:00,53099.8,53214.81,52972.31,53124.8,4779
2026-03-20T13:00:00+00:00,53124.8,53152.31,52662.31,52664.81,6728
2026-03-20T14:00:00+00:00,52664.81,52757.31,52069.8,52134.81,8953
2026-03-20T15:00:00+00:00,52134.81,52292.29,51952.3,52014.81,7231
2026-03-20T16:00:00+00:00,52014.81,52187.31,51777.29,51887.29,6480
2026-03-20T17:00:00+00:00,51887.29,51944.8,51597.29,51792.29,4736
2026-03-20T18:00:00+00:00,51792.29,51837.31,51344.79,51414.81,4484
2026-03-20T19:00:00+00:00,51414.81,51487.31,51024.8,51197.8,4393
2026-03-20T20:00:00+00:00,51197.8,51262.79,51097.79,51117.29,926
2026-03-22T22:00:00+00:00,51117.29,51257.81,50532.79,50942.81,953
2026-03-22T23:00:00+00:00,50942.81,51314.79,50907.79,51077.81,2270
2026-03-23T00:00:00+00:00,51077.81,51547.3,50602.8,50622.8,7826
2026-03-23T01:00:00+00:00,50622.8,51512.81,50557.8,51387.79,8257
2026-03-23T02:00:00+00:00,51387.79,51607.3,51217.81,51317.8,4870
2026-03-23T03:00:00+00:00,51317.8,51407.3,51072.79,51137.3,5364
2026-03-23T04:00:00+00:00,51137.3,51412.31,51022.8,51392.8,4182
2026-03-23T05:00:00+00:00,51392.8,51557.29,51267.79,51442.8,3784
2026-03-23T06:00:00+00:00,51442.8,51492.31,50777.79,50972.8,4991
2026-03-23T07:00:00+00:00,50972.8,51107.29,50692.81,50842.3,3395
2026-03-23T08:00:00+00:00,50842.3,51577.29,50802.79,51507.31,11415
2026-03-23T09:00:00+00:00,51507.31,51779.79,51244.79,51292.3,8046
2026-03-23T10:00:00+00:00,51292.3,51462.3,51102.29,51339.79,7341
2026-03-23T11:00:00+00:00,51339.79,54117.79,51339.79,52617.8,16779
2026-03-23T12:00:00+00:00,52617.8,53394.8,52377.8,53312.81,14151
2026-03-23T13:00:00+00:00,53312.81,53467.31,52764.81,53207.79,9738
2026-03-23T14:00:00+00:00,53207.79,53564.79,53112.79,53527.31,9012
2026-03-23T15:00:00+00:00,53527.31,53767.31,52942.29,52949.79,7360
2026-03-23T16:00:00+00:00,52949.79,53072.8,52709.79,52932.29,6341
2026-03-23T17:00:00+00:00,52932.29,53347.31,52884.81,53254.81,6286
2026-03-23T18:00:00+00:00,53254.81,53504.81,53077.3,53367.3,5150
2026-03-23T19:00:00+00:00,53367.3,53394.81,53117.79,53127.8,3999
2026-03-23T20:00:00+00:00,53127.8,53202.8,53057.79,53164.81,1416
2026-03-23T22:00:00+00:00,53164.81,53172.81,52692.8,53152.81,240
2026-03-23T23:00:00+00:00,53152.81,53212.31,52837.79,52927.8,1019.0792268800218
2026-03-24T00:00:00+00:00,52927.8,52927.8,51927.79,52137.81,6852
2026-03-24T01:00:00+00:00,52137.81,52172.3,51722.8,51807.81,4969
2026-03-24T02:00:00+00:00,51807.81,51987.31,51542.8,51817.8,4230
2026-03-24T03:00:00+00:00,51817.8,51977.31,51637.79,51972.79,3075
2026-03-24T04:00:00+00:00,51972.79,52132.31,51777.79,51812.8,2038
2026-03-24T05:00:00+00:00,51812.8,51967.29,51627.29,51952.8,3345
2026-03-24T06:00:00+00:00,51952.8,52577.3,51932.79,52537.81,2292
2026-03-24T07:00:00+00:00,52537.81,53002.81,52532.8,52852.8,2735
2026-03-24T08:00:00+00:00,52852.8,53027.29,52497.8,52577.3,8495
2026-03-24T09:00:00+00:00,52577.3,52762.31,52287.3,52714.81,6431
2026-03-24T10:00:00+00:00,52714.81,52797.3,52532.3,52702.3,4774
2026-03-24T11:00:00+00:00,52702.3,52787.3,52332.29,52752.29,5228
2026-03-24T12:00:00+00:00,52752.29,52794.81,52312.29,52364.81,5121
2026-03-24T13:00:00+00:00,52364.81,52444.8,52102.29,52342.3,9976
2026-03-24T14:00:00+00:00,52342.3,52754.79,52257.31,52537.29,10384
2026-03-24T15:00:00+00:00,52537.29,52847.31,52537.29,52594.8,6852
2026-03-24T16:00:00+00:00,52594.8,52789.79,52542.29,52722.29,5699
2026-03-24T17:00:00+00:00,52722.29,52747.3,52387.29,52659.81,6941
2026-03-24T18:00:00+00:00,52659.81,52972.31,52564.81,52769.79,4683
2026-03-24T19:00:00+00:00,52769.79,52894.81,52552.79,52587.31,3265
2026-03-24T20:00:00+00:00,52587.31,53524.79,52577.8,53242.29,3701
2026-03-24T22:00:00+00:00,53242.29,53427.79,53242.29,53407.8,165
2026-03-24T23:00:00+00:00,53407.8,53457.31,53287.79,53412.79,940.7748541114058
2026-03-25T00:00:00+00:00,53412.79,53962.81,53412.79,53812.8,3910
2026-03-25T01:00:00+00:00,53812.8,53922.29,53597.79,53607.8,4401
2026-03-25T02:00:00+00:00,53607.8,53672.3,53382.79,53407.3,2392
2026-03-25T03:00:00+00:00,53407.3,53609.81,53317.81,53607.8,2581
2026-03-25T04:00:00+00:00,53607.8,53847.3,53562.8,53757.8,1704
2026-03-25T05:00:00+00:00,53757.8,53812.3,53632.79,53687.3,2548
2026-03-25T06:00:00+00:00,53687.3,53802.8,53547.81,53727.31,2474
2026-03-25T07:00:00+00:00,53727.31,53852.79,53622.79,53812.29,1334
2026-03-25T08:00:00+00:00,53812.29,54317.31,53787.3,53839.81,5897
2026-03-25T09:00:00+00:00,53839.81,53977.31,53684.8,53842.8,4263
2026-03-25T10:00:00+00:00,53842.8,53997.3,53727.8,53817.3,3484
2026-03-25T11:00:00+00:00,53817.3,54032.3,53812.29,53972.31,3001
2026-03-25T12:00:00+00:00,53972.31,54109.79,53542.79,53799.8,5561
2026-03-25T13:00:00+00:00,53799.8,53964.79,53592.31,53647.3,6385
2026-03-25T14:00:00+00:00,53647.3,53984.8,53539.79,53907.3,6297
2026-03-25T15:00:00+00:00,53907.3,53937.31,53362.3,53684.79,7134
2026-03-25T16:00:00+00:00,53684.79,53877.31,53567.3,53854.8,4560
2026-03-25T17:00:00+00:00,53854.8,54012.31,53777.79,53857.81,3156
2026-03-25T18:00:00+00:00,53857.81,53964.8,53702.8,53812.31,2602
2026-03-25T19:00:00+00:00,53812.31,53907.3,53737.31,53847.31,2950
2026-03-25T20:00:00+00:00,53847.31,53882.29,53747.81,53752.3,858
2026-03-25T22:00:00+00:00,53752.3,53767.8,53607.79,53687.8,157
2026-03-25T23:00:00+00:00,53687.8,53842.31,53442.79,53797.8,947.9280030155539
2026-03-26T00:00:00+00:00,53797.8,54112.3,53797.8,53932.79,4626
2026-03-26T01:00:00+00:00,53932.79,54097.31,53882.31,53912.81,4003
2026-03-26T02:00:00+00:00,53912.81,53967.31,53292.79,53442.31,4143
2026-03-26T03:00:00+00:00,53442.31,53707.31,53422.79,53527.81,3167
2026-03-26T04:00:00+00:00,53527.81,53567.3,53317.79,53342.3,2846
2026-03-26T05:00:00+00:00,53342.3,53407.3,53092.79,53217.79,4805
2026-03-26T06:00:00+00:00,53217.79,53497.3,53147.31,53472.31,3904
2026-03-26T07:00:00+00:00,53472.31,53479.81,53177.8,53347.29,1369
2026-03-26T08:00:00+00:00,53347.29,53512.29,53212.79,53339.8,5102
2026-03-26T09:00:00+00:00,53339.8,53367.3,52999.79,53189.81,4408
2026-03-26T10:00:00+00:00,53189.81,53322.31,53104.79,53159.79,2967
2026-03-26T11:00:00+00:00,53159.79,53187.3,52817.79,52824.81,2362
2026-03-26T12:00:00+00:00,52824.81,53037.29,52777.79,52952.29,2974
2026-03-26T13:00:00+00:00,52952.29,53334.8,52942.29,53319.79,6318
2026-03-26T14:00:00+00:00,53319.79,53409.81,52862.79,53032.31,6835
2026-03-26T15:00:00+00:00,53032.31,53107.29,52924.79,53022.3,4917
2026-03-26T16:00:00+00:00,53022.3,53059.79,52734.8,52797.31,3461
2026-03-26T17:00:00+00:00,52797.31,52842.31,52487.8,52502.8,2356
2026-03-26T18:00:00+00:00,52502.8,52659.81,52502.8,52632.3,1854
2026-03-26T19:00:00+00:00,52632.3,52644.81,52312.79,52327.79,2804
2026-03-26T20:00:00+00:00,52327.79,52969.79,52262.79,52584.8,3138
2026-03-26T22:00:00+00:00,52584.8,52707.29,52542.79,52662.8,182
2026-03-26T23:00:00+00:00,52662.8,52892.79,52612.79,52825.79,983.4554374825144
2026-03-27T00:00:00+00:00,52825.79,53080.29,52420.79,52510.29,5009
2026-03-27T01:00:00+00:00,52510.29,53045.31,52460.8,52940.3,3753
2026-03-27T02:00:00+00:00,52940.3,53162.79,52935.79,53110.31,3631
2026-03-27T03:00:00+00:00,53110.31,53380.81,53100.29,53360.8,3469
2026-03-27T04:00:00+00:00,53360.8,53545.3,53325.79,53505.8,2030
2026-03-27T05:00:00+00:00,53505.8,53630.8,53390.79,53415.31,2713
2026-03-27T06:00:00+00:00,53415.31,53482.81,53005.79,53040.79,3053
2026-03-27T07:00:00+00:00,53040.79,53060.31,52790.79,52862.81,1392
2026-03-27T08:00:00+00:00,52862.81,52960.31,52455.3,52462.8,6034
2026-03-27T09:00:00+00:00,52462.8,52477.8,52235.8,52267.79,3771
2026-03-27T10:00:00+00:00,52267.79,52380.29,52005.31,52030.31,3399
2026-03-27T11:00:00+00:00,52030.31,52205.31,51942.81,52120.31,3541
2026-03-27T12:00:00+00:00,52120.31,52142.81,51970.29,52092.81,3389
2026-03-27T13:00:00+00:00,52092.81,52162.79,51810.8,51815.79,6452
2026-03-27T14:00:00+00:00,51815.79,52010.31,51707.79,51892.81,6976
2026-03-27T15:00:00+00:00,51892.81,52155.31,51830.29,51945.31,5941
2026-03-27T16:00:00+00:00,51945.31,51992.79,51747.81,51837.79,2995
2026-03-27T17:00:00+00:00,51837.79,51947.79,51612.81,51625.3,1960
2026-03-27T18:00:00+00:00,51625.3,51707.79,51570.29,51587.79,2089
2026-03-27T19:00:00+00:00,51587.79,51607.81,51415.31,51555.29,2797
2026-03-27T20:00:00+00:00,51555.29,51610.81,51395.79,51450.79,826
2026-03-29T22:00:00+00:00,51447.79,51447.79,50345.21,50522.21,1097
2026-03-29T23:00:00+00:00,50522.21,50805.22,50420.2,50735.2,2381
2026-03-30T00:00:00+00:00,50735.2,50870.21,50305.22,50730.21,9806
2026-03-30T01:00:00+00:00,50730.21,51020.22,50710.21,50855.2,6450
2026-03-30T02:00:00+00:00,50855.2,51235.21,50705.2,51115.21,4141
2026-03-30T03:00:00+00:00,51115.21,51505.22,51100.21,51470.21,3519
2026-03-30T04:00:00+00:00,51470.21,51559.72,51375.2,51470.22,2874
2026-03-30T05:00:00+00:00,51470.22,51640.21,51455.21,51555.21,2464
2026-03-30T06:00:00+00:00,51555.21,51879.72,51530.2,51799.7,3246
2026-03-30T07:00:00+00:00,51799.7,51907.22,51665.21,51899.71,1958
2026-03-30T08:00:00+00:00,51899.71,52027.21,51742.21,51999.72,3911
2026-03-30T09:00:00+00:00,51999.72,52014.72,51635.2,51707.2,2736
2026-03-30T10:00:00+00:00,51707.2,51757.21,51605.22,51677.2,2507
2026-03-30T11:00:00+00:00,51677.2,52130.22,51677.2,51729.72,5639
2026-03-30T12:00:00+00:00,51729.72,51842.22,51650.2,51837.21,2650
2026-03-30T13:00:00+00:00,51837.21,51912.22,51404.7,51442.2,7246
2026-03-30T14:00:00+00:00,51442.2,51622.22,51309.7,51542.2,9548
2026-03-30T15:00:00+00:00,51542.2,51747.22,51374.7,51622.22,6907
2026-03-30T16:00:00+00:00,51622.22,51637.22,51294.7,51322.22,4603
2026-03-30T17:00:00+00:00,51322.22,51367.2,51032.2,51099.72,4894.73828125
2026-03-30T18:00:00+00:00,51099.72,51159.72,50922.2,50952.22,2346
2026-03-30T19:00:00+00:00,50952.22,50972.22,50749.7,50945.22,4481
2026-03-30T20:00:00+00:00,50945.22,50979.7,50830.2,50917.2,805
2026-03-30T22:00:00+00:00,50917.2,51064.72,50917.2,50950.22,196
2026-03-30T23:00:00+00:00,50950.22,50950.22,50695.21,50895.22,1028.9730880599557
2026-03-31T00:00:00+00:00,50895.22,51470.21,50445.2,51265.21,11824
2026-03-31T01:00:00+00:00,51265.21,52075.21,51020.2,51844.71,10661
2026-03-31T02:00:00+00:00,51844.71,51892.22,51605.2,51645.2,5906
2026-03-31T03:00:00+00:00,51645.2,51834.72,51195.2,51214.7,3473
2026-03-31T04:00:00+00:00,51214.7,51269.71,51040.2,51137.2,4089
2026-03-31T05:00:00+00:00,51137.2,51559.7,51050.2,51434.72,5438
2026-03-31T06:00:00+00:00,51434.72,51454.72,50910.2,51135.21,4909
2026-03-31T07:00:00+00:00,51135.21,51469.7,50965.2,51450.2,2738
2026-03-31T08:00:00+00:00,51450.2,51549.7,51230.22,51285.2,5418
2026-03-31T09:00:00+00:00,51285.2,51467.2,51255.2,51330.22,4024
2026-03-31T10:00:00+00:00,51330.22,51459.71,51095.2,51299.7,3349
2026-03-31T11:00:00+00:00,51299.7,51720.21,51240.2,51655.21,7148
2026-03-31T12:00:00+00:00,51655.21,51840.22,51410.2,51614.7,5939
2026-03-31T13:00:00+00:00,51614.7,51924.72,51545.2,51865.2,8983
2026-03-31T14:00:00+00:00,51865.2,51949.72,51445.22,51519.72,11037
2026-03-31T15:00:00+00:00,51519.72,51817.22,51519.72,51560.22,8549
2026-03-31T16:00:00+00:00,51560.22,52714.72,51535.2,52397.22,20515
2026-03-31T17:00:00+00:00,52397.22,52679.72,52334.7,52500.21,17111
2026-03-31T18:00:00+00:00,52500.21,52739.72,52500.21,52717.21,5997
2026-03-31T19:00:00+00:00,52717.21,52969.72,52625.2,52912.21,4054
2026-03-31T20:00:00+00:00,52912.21,53044.72,52815.2,52837.21,1133
2026-03-31T22:00:00+00:00,52847.21,52997.21,52847.21,52974.71,197
2026-03-31T23:00:00+00:00,52974.71,53175.22,52730.21,53175.22,1277.7406979188563
2026-04-01T00:00:00+00:00,53175.22,53195.22,52630.2,53004.71,5252
2026-04-01T01:00:00+00:00,53004.71,53099.71,52675.22,53087.21,5153
2026-04-01T02:00:00+00:00,53087.21,53229.72,53010.2,53049.72,2433
2026-04-01T03:00:00+00:00,53049.72,53324.71,53015.22,53274.71,2175
2026-04-01T04:00:00+00:00,53274.71,53399.72,53265.2,53310.2,1523
2026-04-01T05:00:00+00:00,53310.2,53582.22,53310.2,53484.71,2251
2026-04-01T06:00:00+00:00,53484.71,54087.22,53455.21,54009.72,3259
2026-04-01T07:00:00+00:00,54009.72,54129.72,53705.2,53724.7,2369
2026-04-01T08:00:00+00:00,53724.7,53984.71,53550.2,53834.71,5144
2026-04-01T09:00:00+00:00,53834.71,53904.7,53544.7,53739.7,3887
2026-04-01T10:00:00+00:00,53739.7,53889.72,53640.22,53854.72,3324
2026-04-01T11:00:00+00:00,53854.72,54167.21,53839.7,54089.7,2564
2026-04-01T12:00:00+00:00,54089.7,54380.21,53775.2,53810.2,5901
2026-04-01T13:00:00+00:00,53810.2,54114.71,53685.22,53985.21,8389
2026-04-01T14:00:00+00:00,53985.21,54267.22,53935.22,54222.2,10765
2026-04-01T15:00:00+00:00,54222.2,54544.72,54154.7,54519.7,3863
2026-04-01T16:00:00+00:00,54519.7,54564.72,54402.2,54504.7,1948
2026-04-01T17:00:00+00:00,54504.7,54582.22,54317.21,54317.21,1755
2026-04-01T18:00:00+00:00,54317.21,54332.21,53880.2,53959.71,5041
2026-04-01T19:00:00+00:00,53959.71,54222.2,53945.21,54102.2,2703
2026-04-01T20:00:00+00:00,54102.2,54162.21,54010.2,54115.22,570.8882163797995
2026-04-01T22:00:00+00:00,54115.22,54190.22,54069.7,54175.22,182
2026-04-01T23:00:00+00:00,54175.22,54322.2,54037.72,54122.7,967.5848317358452
2026-04-02T00:00:00+00:00,54122.7,54212.72,53877.7,54117.7,6166
2026-04-02T01:00:00+00:00,54117.7,54157.71,52767.7,52932.72,19328
2026-04-02T02:00:00+00:00,52932.72,53077.22,52592.7,52712.72,7913
2026-04-02T03:00:00+00:00,52712.72,52712.72,52432.7,52462.72,3866
2026-04-02T04:00:00+00:00,52462.72,52642.22,52367.72,52392.7,3279
2026-04-02T05:00:00+00:00,52392.7,52497.2,52217.72,52222.7,3138
2026-04-02T06:00:00+00:00,52222.7,52469.7,52212.72,52362.22,3664
2026-04-02T07:00:00+00:00,52362.22,52702.21,52322.71,52667.22,2119
2026-04-02T08:00:00+00:00,52667.22,52709.7,52529.72,52582.21,2685
2026-04-02T09:00:00+00:00,52582.21,52617.21,52407.21,52454.72,2372
2026-04-02T10:00:00+00:00,52454.72,52474.71,52297.22,52419.7,3328
2026-04-02T11:00:00+00:00,52419.7,52444.71,52189.7,52189.7,3506
2026-04-02T12:00:00+00:00,52189.7,52309.72,52079.71,52212.2,3397
2026-04-02T13:00:00+00:00,52212.2,52619.7,52089.7,52614.7,8575
2026-04-02T14:00:00+00:00,52614.7,53512.21,52554.7,53159.7,17730
2026-04-02T15:00:00+00:00,53159.7,53239.72,52917.71,53029.72,11594
2026-04-02T16:00:00+00:00,53029.72,53182.2,52897.22,53057.22,6131
2026-04-02T17:00:00+00:00,53057.22,53232.2,53007.71,53084.71,4431.091469618029
2026-04-02T18:00:00+00:00,53084.71,53237.21,53084.71,53197.189999999995,2784
2026-04-02T19:00:00+00:00,53197.189999999995,53284.7,53157.21,53244.71,2540
2026-04-02T20:00:00+00:00,53244.71,53264.71,53040.189999999995,53049.7,742.0643114951329
2026-04-02T22:00:00+00:00,53049.71,53224.72,53035.2,53185.21,142
2026-04-02T23:00:00+00:00,53185.21,53224.71,52940.2,53005.2,655.0602210587161
2026-04-03T00:00:00+00:00,53005.2,53389.7,52995.21,53140.21,4256
2026-04-03T01:00:00+00:00,53140.21,53180.21,52955.2,53074.71,1295
2026-04-03T02:00:00+00:00,53074.71,53094.71,52840.21,52965.21,1266
2026-04-03T03:00:00+00:00,52965.21,53064.72,52880.2,52985.22,984
2026-04-03T04:00:00+00:00,52985.22,53130.21,52940.2,53019.72,840
2026-04-03T05:00:00+00:00,53019.72,53149.71,52990.21,53092.21,1052
2026-04-03T06:00:00+00:00,53092.21,53172.21,52914.71,52987.22,1651
2026-04-03T07:00:00+00:00,52987.22,53107.22,52920.22,53029.72,540
2026-04-03T08:00:00+00:00,53029.72,53117.22,52945.21,52989.7,723
2026-04-03T09:00:00+00:00,52989.7,53009.72,52964.7,52989.71,470
2026-04-03T10:00:00+00:00,52989.71,53012.22,52929.71,52999.72,516
2026-04-03T11:00:00+00:00,52999.72,53237.22,52942.2,53237.22,957
2026-04-03T12:00:00+00:00,53237.22,53405.2,53094.7,53140.22,3501
2026-04-03T13:00:00+00:00,53140.22,53203.4,53099.7,53187.00000000001,732.7510105404889
2026-04-03T14:00:00+00:00,53187.00000000001,53210.9,53158.80000000001,53171.400000000016,218.78876848896294
2026-04-03T15:00:00+00:00,53171.400000000016,53190.9,53126.60000000001,53166.8,323.7541901420183
2026-04-03T16:00:00+00:00,53166.8,53188.19999999999,53160.4,53166.7,397.3349447672727
2026-04-03T17:00:00+00:00,53172.7,53216.5,53097.5,53208.5,1475.2693937867696
2026-04-03T18:00:00+00:00,53208.5,53225.899999999994,53201.9,53217,606.6865877059404
2026-04-03T19:00:00+00:00,53217,53234.600000000006,53199.5,53233.799999999996,1126.9574759258758
2026-04-03T20:00:00+00:00,53233.799999999996,53238.1,53188.49999999999,53210.899999999994,1561.993047565066
2026-04-05T22:00:00+00:00,53167.21,53167.21,52580.2,52820.22,1096
2026-04-05T23:00:00+00:00,52820.22,53155.22,52760.2,53155.22,1014.2083333333333
2026-04-06T00:00:00+00:00,53155.22,53679.72,53140.21,53667.2,3210
2026-04-06T01:00:00+00:00,53667.2,53789.72,53560.2,53610.2,1868
2026-04-06T02:00:00+00:00,53610.2,54034.72,53585.2,53662.21,2655
2026-04-06T03:00:00+00:00,53662.21,53762.22,53445.21,53752.2,2488
2026-04-06T04:00:00+00:00,53752.2,53864.72,53720.22,53824.72,1559
2026-04-06T05:00:00+00:00,53824.72,53859.72,53520.22,53584.71,1904
2026-04-06T06:00:00+00:00,53584.71,53654.71,53334.7,53532.21,2689
2026-04-06T07:00:00+00:00,53532.21,53844.7,53445.2,53842.2,1582
2026-04-06T08:00:00+00:00,53842.2,54019.72,53774.7,53942.2,2309
2026-04-06T09:00:00+00:00,53942.2,54087.21,53820.2,53844.71,1751
2026-04-06T10:00:00+00:00,53844.71,53947.21,53664.7,53779.71,1741
2026-04-06T11:00:00+00:00,53779.71,53829.72,53659.71,53664.7,1366
2026-04-06T12:00:00+00:00,53664.7,53792.22,53619.7,53674.72,1414
2026-04-06T13:00:00+00:00,53674.72,53794.72,53529.7,53740.2,3609
2026-04-06T14:00:00+00:00,53740.2,53849.72,53537.2,53597.21,4406
2026-04-06T15:00:00+00:00,53597.21,53767.22,53549.72,53744.72,2878
2026-04-06T16:00:00+00:00,53744.72,53892.21,53707.2,53769.72,1554
2026-04-06T17:00:00+00:00,53769.72,53832.22,53500.21,53735.22,2320
2026-04-06T18:00:00+00:00,53735.22,53959.72,53729.7,53897.22,2172
2026-04-06T19:00:00+00:00,53897.22,53912.22,53779.71,53889.7,1370
2026-04-06T20:00:00+00:00,53889.7,53939.7,53859.7,53882.21,475
2026-04-06T22:00:00+00:00,53867.21,53959.72,53800.2,53839.7,335
2026-04-06T23:00:00+00:00,53839.7,53894.72,53633.2,53642.71,695.7319140888078
2026-04-07T00:00:00+00:00,53642.71,53893.2,53518.22,53652.72,3956
2026-04-07T01:00:00+00:00,53652.72,53713.21,53218.21,53263.22,4103
2026-04-07T02:00:00+00:00,53263.22,53360.22,53158.2,53327.71,2641
2026-04-07T03:00:00+00:00,53327.71,53362.72,53213.22,53278.21,1981
2026-04-07T04:00:00+00:00,53278.21,53447.72,53123.21,53342.71,2602
2026-04-07T05:00:00+00:00,53342.71,53522.72,53288.21,53503.22,2258
2026-04-07T06:00:00+00:00,53503.22,53552.71,53355.22,53480.21,2365
2026-04-07T07:00:00+00:00,53480.21,53545.21,53383.2,53500.22,1924
2026-04-07T08:00:00+00:00,53500.22,53995.21,53500.22,53865.22,7042
2026-04-07T09:00:00+00:00,53865.22,53960.2,53800.2,53890.22,3667
2026-04-07T10:00:00+00:00,53890.22,53937.72,53362.7,53412.7,5487
2026-04-07T11:00:00+00:00,53412.7,53507.7,53247.71,53335.21,3433
2026-04-07T12:00:00+00:00,53335.21,53582.71,53143.21,53387.7,4423
2026-04-07T13:00:00+00:00,53387.7,53510.21,53127.7,53132.72,5052
2026-04-07T14:00:00+00:00,53132.72,53252.72,52853.21,52932.72,5323
2026-04-07T15:00:00+00:00,52932.72,53132.72,52747.7,53057.72,4169
2026-04-07T16:00:00+00:00,53057.72,53382.72,53057.72,53233.22,4137
2026-04-07T17:00:00+00:00,53233.22,53468.2,53183.2,53337.7,2396
2026-04-07T18:00:00+00:00,53337.7,53397.72,53147.71,53192.72,2292
2026-04-07T19:00:00+00:00,53192.72,53888.22,53148.22,53865.2,7254
2026-04-07T20:00:00+00:00,53865.2,54007.7,53803.2,53932.71,2212
2026-04-07T22:00:00+00:00,53924.71,56050.21,53924.71,55910.22,2395
2026-04-07T23:00:00+00:00,55910.22,56344.71,55690.21,56120.2,4383
2026-04-08T00:00:00+00:00,56120.2,56429.71,55610.2,55970.2,9944
2026-04-08T01:00:00+00:00,55970.2,56254.72,55750.21,56239.72,6896
2026-04-08T02:00:00+00:00,56239.72,56322.2,56030.2,56180.22,2735
2026-04-08T03:00:00+00:00,56180.22,56249.72,56070.2,56085.2,2062
2026-04-08T04:00:00+00:00,56085.2,56374.72,56085.2,56314.71,1959
2026-04-08T05:00:00+00:00,56314.71,56444.72,56160.2,56409.7,3339
2026-04-08T06:00:00+00:00,56409.7,56442.2,56259.72,56299.72,3641
2026-04-08T07:00:00+00:00,56299.72,56497.21,56145.21,56364.71,3367
2026-04-08T08:00:00+00:00,56364.71,56527.22,56197.2,56522.22,4898
2026-04-08T09:00:00+00:00,56522.22,56649.72,56405.22,56557.22,3262
2026-04-08T10:00:00+00:00,56557.22,56817.22,56489.71,56787.2,2642
2026-04-08T11:00:00+00:00,56787.2,56987.22,56712.2,56959.71,3681
2026-04-08T12:00:00+00:00,56959.71,57207.22,56807.2,57142.21,5874
2026-04-08T13:00:00+00:00,57142.21,57262.2,57005.22,57137.22,9520
2026-04-08T14:00:00+00:00,57137.22,57192.22,56534.72,56664.71,9957
2026-04-08T15:00:00+00:00,56664.71,56902.22,56597.22,56884.7,5733
2026-04-08T16:00:00+00:00,56884.7,56977.21,56844.71,56962.2,2462
2026-04-08T17:00:00+00:00,56962.2,56992.22,56810.21,56919.72,3159
2026-04-08T18:00:00+00:00,56919.72,57002.21,56592.2,56604.7,6267
2026-04-08T19:00:00+00:00,56604.7,56992.22,56587.2,56984.72,4949
2026-04-08T20:00:00+00:00,56984.72,57049.71,56900.2,56929.71,898
2026-04-08T22:00:00+00:00,56929.71,56945.21,56725.2,56735.22,458
2026-04-08T23:00:00+00:00,56735.22,56834.7,56355.21,56380.22,1287
2026-04-09T00:00:00+00:00,56380.22,56434.71,56000.2,56029.71,5562
2026-04-09T01:00:00+00:00,56029.71,56102.2,55860.2,56069.71,4617
2026-04-09T02:00:00+00:00,56069.71,56119.72,55990.2,56004.71,2416
2026-04-09T03:00:00+00:00,56004.71,56049.71,55845.2,55854.71,2074
2026-04-09T04:00:00+00:00,55854.71,55954.7,55799.71,55869.71,2064
2026-04-09T05:00:00+00:00,55869.71,56099.72,55840.21,56049.71,2863
2026-04-09T06:00:00+00:00,56049.71,56345.21,55810.2,56125.22,3476
2026-04-09T07:00:00+00:00,56125.22,56152.2,55700.2,55809.72,1818
2026-04-09T08:00:00+00:00,55809.72,55999.7,55685.21,55854.71,2947
2026-04-09T09:00:00+00:00,55854.71,55994.71,55805.21,55989.7,2266
2026-04-09T10:00:00+00:00,55989.7,56024.72,55890.22,55904.72,2643
2026-04-09T11:00:00+00:00,55904.72,56049.72,55830.22,56029.71,2990
2026-04-09T12:00:00+00:00,56029.71,56104.72,55945.22,55999.72,3152
2026-04-09T13:00:00+00:00,55999.72,56212.2,55927.22,56117.21,6211
2026-04-09T14:00:00+00:00,56117.21,56142.22,55804.71,56039.72,6699
2026-04-09T15:00:00+00:00,56039.72,56582.21,55962.2,56557.22,9332
2026-04-09T16:00:00+00:00,56557.22,56709.72,56520.2,56629.7,5259
2026-04-09T17:00:00+00:00,56629.7,56784.72,56604.7,56714.7,2838
2026-04-09T18:00:00+00:00,56714.7,56717.22,56449.72,56557.22,3562
2026-04-09T19:00:00+00:00,56557.22,56689.72,56549.7,56599.71,1387
2026-04-09T20:00:00+00:00,56599.71,56634.7,56534.7,56609.72,553.5610506134398
2026-04-09T22:00:00+00:00,56609.72,56637.74,56478.24,56488.24,398
2026-04-09T23:00:00+00:00,56488.24,56723.26,56408.24,56542.74,936.2230927835051
2026-04-10T00:00:00+00:00,56542.74,56908.26,56483.25,56788.26,3500
2026-04-10T01:00:00+00:00,56788.26,56952.75,56688.24,56888.24,1992
2026-04-10T02:00:00+00:00,56888.24,56897.76,56653.26,56763.26,1051
2026-04-10T03:00:00+00:00,56763.26,56920.24,56722.74,56865.25,1341
2026-04-10T04:00:00+00:00,56865.25,57002.75,56853.24,56965.24,915
2026-04-10T05:00:00+00:00,56965.24,57032.75,56928.24,56935.26,882
2026-04-10T06:00:00+00:00,56935.26,56962.75,56742.76,56750.24,1481
2026-04-10T07:00:00+00:00,56750.24,56887.76,56742.75,56842.76,1102
2026-04-10T08:00:00+00:00,56842.76,56960.26,56702.74,56702.76,2109
2026-04-10T09:00:00+00:00,56702.76,57000.25,56702.76,56982.76,3568
2026-04-10T10:00:00+00:00,56982.76,57155.26,56925.24,57085.24,1815
2026-04-10T11:00:00+00:00,57085.24,57147.75,57030.24,57055.26,1410
2026-04-10T12:00:00+00:00,57055.26,57228.25,57042.75,57135.26,2390
2026-04-10T13:00:00+00:00,57135.26,57242.76,57110.24,57228.26,3994
2026-04-10T14:00:00+00:00,57228.26,57402.74,57173.24,57290.25,3108
2026-04-10T15:00:00+00:00,57290.25,57400.25,57095.24,57112.75,2982
2026-04-10T16:00:00+00:00,57112.75,57190.26,57045.25,57165.24,2955
2026-04-10T17:00:00+00:00,57165.24,57252.76,57090.25,57232.76,1631.3752108874141
2026-04-10T18:00:00+00:00,57232.76,57302.76,57170.24,57282.75,1487
2026-04-10T19:00:00+00:00,57282.75,57332.76,57242.75,57305.24,1170
2026-04-10T20:00:00+00:00,57305.24,57405.26,57292.76,57385.25,336.29922589725544
2026-04-12T22:00:00+00:00,57387.75,57387.75,55845.71,56095.23,1269
2026-04-12T23:00:00+00:00,56095.23,56395.22,56035.72,56335.71,1325
2026-04-13T00:00:00+00:00,56335.71,56782.73,56285.71,56520.73,5638
2026-04-13T01:00:00+00:00,56520.73,56640.21,56420.71,56492.71,2517
2026-04-13T02:00:00+00:00,56492.71,56522.73,56350.73,56445.73,1467
2026-04-13T03:00:00+00:00,56445.73,56457.72,56260.71,56320.23,1357
2026-04-13T04:00:00+00:00,56320.23,56575.23,56250.71,56505.23,1335
2026-04-13T05:00:00+00:00,56505.23,56535.23,56440.71,56495.21,1223
2026-04-13T06:00:00+00:00,56495.21,56612.71,56420.22,56445.21,1668
2026-04-13T07:00:00+00:00,56445.21,56617.72,56445.21,56610.23,1312
2026-04-13T08:00:00+00:00,56610.23,56760.23,56557.72,56597.72,2056
2026-04-13T09:00:00+00:00,56597.72,56715.22,56597.72,56612.72,1647
2026-04-13T10:00:00+00:00,56612.72,56677.72,56570.23,56675.21,1242
2026-04-13T11:00:00+00:00,56675.21,56782.72,56365.22,56375.21,2592
2026-04-13T12:00:00+00:00,56375.21,56535.22,56320.72,56482.72,2390
2026-04-13T13:00:00+00:00,56482.72,56997.73,56482.71,56970.73,4979
2026-04-13T14:00:00+00:00,56970.73,57072.71,56855.73,57042.72,4728
2026-04-13T15:00:00+00:00,57042.72,57042.72,56902.71,56950.21,3485
2026-04-13T16:00:00+00:00,56950.21,57307.71,56897.71,57227.72,5094
2026-04-13T17:00:00+00:00,57227.72,57330.21,57217.72,57292.72,1093
2026-04-13T18:00:00+00:00,57292.72,57492.71,57292.72,57482.72,1088
2026-04-13T19:00:00+00:00,57482.72,57615.23,57460.21,57587.73,1228
2026-04-13T20:00:00+00:00,57587.73,57680.23,57587.73,57615.73,580
2026-04-13T22:00:00+00:00,57615.73,57756.09,57615.73,57701.09,240
2026-04-13T23:00:00+00:00,57701.09,57760.6,57426.09,57451.1,914
2026-04-14T00:00:00+00:00,57451.1,57950.59,57391.1,57898.09,3647
2026-04-14T01:00:00+00:00,57898.09,58010.59,57746.1,57930.59,2093
2026-04-14T02:00:00+00:00,57930.59,58013.11,57843.09,57855.61,1165
2026-04-14T03:00:00+00:00,57855.61,57933.11,57816.11,57886.09,1077
2026-04-14T04:00:00+00:00,57886.09,57983.09,57745.6,57828.11,1030
2026-04-14T05:00:00+00:00,57828.11,57903.1,57786.09,57815.61,1115
2026-04-14T06:00:00+00:00,57815.61,58000.6,57781.09,57965.59,1383
2026-04-14T07:00:00+00:00,57965.59,58183.11,57920.6,58145.61,2055
2026-04-14T08:00:00+00:00,58145.61,58240.61,58078.09,58170.59,2252
2026-04-14T09:00:00+00:00,58170.59,58225.6,57935.6,57960.6,1688
2026-04-14T10:00:00+00:00,57960.6,58018.09,57845.61,57883.1,1670
2026-04-14T11:00:00+00:00,57883.1,58200.6,57863.1,58130.59,1792
2026-04-14T12:00:00+00:00,58130.59,58265.61,58096.09,58153.11,2115
2026-04-14T13:00:00+00:00,58153.11,58350.61,58138.09,58333.09,3582
2026-04-14T14:00:00+00:00,58333.09,58573.09,58333.09,58538.09,2516
2026-04-14T15:00:00+00:00,58538.09,58600.6,58433.1,58570.6,1968
2026-04-14T16:00:00+00:00,58570.6,58648.11,58563.1,58578.09,874
2026-04-14T17:00:00+00:00,58578.09,58715.61,58568.09,58683.09,741
2026-04-14T18:00:00+00:00,58683.09,58738.11,58603.1,58713.1,1447
2026-04-14T19:00:00+00:00,58713.1,58813.11,58713.09,58780.6,959
2026-04-14T20:00:00+00:00,58780.6,58808.11,58695.6,58751.11,506
2026-04-14T22:00:00+00:00,58751.11,58804.44,58704.93,58709.94,169
2026-04-14T23:00:00+00:00,58709.94,58826.95,58629.93,58679.95,893.9009483667018
2026-04-15T00:00:00+00:00,58679.95,58699.94,58449.43,58569.93,2703
2026-04-15T01:00:00+00:00,58569.93,58614.45,58294.93,58366.95,1795
2026-04-15T02:00:00+00:00,58366.95,58369.45,58179.95,58259.94,1087
2026-04-15T03:00:00+00:00,58259.94,58509.44,58239.94,58449.44,1150
2026-04-15T04:00:00+00:00,58449.44,58454.44,58334.94,58444.43,687
2026-04-15T05:00:00+00:00,58444.43,58579.43,58074.95,58219.95,2164
2026-04-15T06:00:00+00:00,58219.95,58299.45,58154.93,58249.45,1278
2026-04-15T07:00:00+00:00,58249.45,58334.43,58209.93,58321.94,982
2026-04-15T08:00:00+00:00,58321.94,58356.93,58189.43,58346.93,1833
2026-04-15T09:00:00+00:00,58346.93,58374.45,58164.43,58206.93,2413
2026-04-15T10:00:00+00:00,58206.93,58286.95,58094.93,58239.95,2498
2026-04-15T11:00:00+00:00,58239.95,58419.95,58226.93,58269.43,1612
2026-04-15T12:00:00+00:00,58269.43,58284.45,58149.93,58261.95,1088
2026-04-15T13:00:00+00:00,58261.95,58351.93,58191.95,58299.43,2686
2026-04-15T14:00:00+00:00,58299.43,58401.95,58256.93,58331.93,2404
2026-04-15T15:00:00+00:00,58331.93,58436.93,58296.93,58366.93,1818
2026-04-15T16:00:00+00:00,58366.93,58461.95,58256.93,58311.95,1684
2026-04-15T17:00:00+00:00,58311.95,58379.44,58296.93,58326.94,1078
2026-04-15T18:00:00+00:00,58326.94,58481.95,58289.93,58466.95,1711
2026-04-15T19:00:00+00:00,58466.95,58569.44,58461.93,58509.44,702
2026-04-15T20:00:00+00:00,58509.44,58566.93,58474.93,58546.93,255.843433512299
2026-04-15T22:00:00+00:00,58541.93,58597.15,58492.65,58577.16,119
2026-04-15T23:00:00+00:00,58577.16,58692.16,58517.65,58577.64,408.69839485354044
2026-04-16T00:00:00+00:00,58577.64,59117.16,58562.66,59032.14,3434
2026-04-16T01:00:00+00:00,59032.14,59252.15,58932.66,59247.16,2555
2026-04-16T02:00:00+00:00,59247.16,59624.65,59242.64,59592.16,1849
2026-04-16T03:00:00+00:00,59592.16,59652.16,59422.64,59492.14,1343
2026-04-16T04:00:00+00:00,59492.14,59502.16,59342.65,59439.64,1037
2026-04-16T05:00:00+00:00,59439.64,59667.16,59402.64,59572.14,1220
2026-04-16T06:00:00+00:00,59572.14,59727.15,59489.66,59512.15,1749
2026-04-16T07:00:00+00:00,59512.15,59514.65,59359.66,59382.14,1055
2026-04-16T08:00:00+00:00,59382.14,59404.64,59224.65,59299.66,1910
2026-04-16T09:00:00+00:00,59299.66,59387.14,59297.16,59369.65,1009
2026-04-16T10:00:00+00:00,59369.65,59427.15,59177.14,59224.66,1283
2026-04-16T11:00:00+00:00,59224.66,59284.65,59194.66,59254.64,1379
2026-04-16T12:00:00+00:00,59254.64,59274.66,59124.64,59184.65,1223
2026-04-16T13:00:00+00:00,59184.65,59239.66,58867.16,58992.15,3935
2026-04-16T14:00:00+00:00,58992.15,59134.66,58944.64,59099.65,5128
2026-04-16T15:00:00+00:00,59099.65,59299.66,59099.65,59274.66,3516
2026-04-16T16:00:00+00:00,59274.66,59324.66,59077.15,59149.66,2494
2026-04-16T17:00:00+00:00,59149.66,59182.16,59082.14,59124.66,2309
2026-04-16T18:00:00+00:00,59124.66,59187.14,59074.64,59174.66,2369
2026-04-16T19:00:00+00:00,59174.66,59289.65,59164.65,59262.15,1389
2026-04-16T20:00:00+00:00,59262.15,59312.14,59212.15,59309.64,376.60982814178305
2026-04-16T22:00:00+00:00,59319.64,59526.95,59319.64,59442.44,172
2026-04-16T23:00:00+00:00,59442.44,59446.94,59257.43,59331.95,611.4866389208158
2026-04-17T00:00:00+00:00,59331.95,59421.94,59017.43,59036.95,3298
2026-04-17T01:00:00+00:00,59036.95,59121.94,58926.94,59041.93,1829
2026-04-17T02:00:00+00:00,59041.93,59071.95,58962.43,59021.94,846
2026-04-17T03:00:00+00:00,59021.94,59031.94,58882.43,59001.95,1111
2026-04-17T04:00:00+00:00,59001.95,59066.95,58952.43,58976.93,739
2026-04-17T05:00:00+00:00,58976.93,59034.45,58909.43,58934.43,1037
2026-04-17T06:00:00+00:00,58934.43,58939.43,58556.95,58731.94,1857
2026-04-17T07:00:00+00:00,58731.94,58884.45,58731.94,58836.93,888
2026-04-17T08:00:00+00:00,58836.93,58959.45,58724.43,58956.95,1436
2026-04-17T09:00:00+00:00,58956.95,59011.94,58869.45,58989.45,1031
2026-04-17T10:00:00+00:00,58989.45,58989.45,58904.45,58979.43,986
2026-04-17T11:00:00+00:00,58979.43,59039.45,58959.43,59011.93,846
2026-04-17T12:00:00+00:00,59011.93,59819.45,59004.45,59786.95,5722
2026-04-17T13:00:00+00:00,59786.95,59919.44,59544.43,59764.45,7405
2026-04-17T14:00:00+00:00,59764.45,60054.45,59697.45,59886.95,3985
2026-04-17T15:00:00+00:00,59886.95,59914.43,59734.44,59811.93,3657
2026-04-17T16:00:00+00:00,59811.93,59906.95,59784.44,59889.43,1172
2026-04-17T17:00:00+00:00,59889.43,59904.43,59552.43,59739.45,3071.6717171717173
2026-04-17T18:00:00+00:00,59739.45,59759.44,59644.43,59716.95,2188
2026-04-17T19:00:00+00:00,59716.95,59799.43,59676.93,59771.93,1273
2026-04-17T20:00:00+00:00,59771.93,59804.45,59708.93,59711.44,329.94112554112553
2026-04-19T22:00:00+00:00,59721.94,59721.94,58657.45,58942.43,965
2026-04-19T23:00:00+00:00,58942.43,59172.44,58812.44,58942.44,1157
2026-04-20T00:00:00+00:00,58942.44,59057.45,58777.44,59012.45,4214
2026-04-20T01:00:00+00:00,59012.45,59164.45,58932.43,59127.43,2115
2026-04-20T02:00:00+00:00,59127.43,59161.94,59017.44,59074.44,677
2026-04-20T03:00:00+00:00,59074.44,59216.94,59026.95,59126.93,1121
2026-04-20T04:00:00+00:00,59126.93,59126.93,58872.44,58974.45,1397
2026-04-20T05:00:00+00:00,58974.45,59039.43,58822.43,58876.93,1427
2026-04-20T06:00:00+00:00,58876.93,58986.94,58779.45,58934.44,2079
2026-04-20T07:00:00+00:00,58934.44,59036.94,58632.44,58766.95,2314
2026-04-20T08:00:00+00:00,58766.95,58961.95,58651.93,58916.95,2773
2026-04-20T09:00:00+00:00,58916.95,58964.45,58842.43,58854.45,1123
2026-04-20T10:00:00+00:00,58854.45,58956.95,58774.43,58789.44,1410
2026-04-20T11:00:00+00:00,58789.44,58914.43,58721.93,58894.43,1784
2026-04-20T12:00:00+00:00,58894.43,58979.45,58859.45,58944.45,2085
2026-04-20T13:00:00+00:00,58944.45,59181.95,58892.44,59156.93,4460
2026-04-20T14:00:00+00:00,59156.93,59166.93,58797.43,58956.95,4775
2026-04-20T15:00:00+00:00,58956.95,59166.95,58877.43,59041.94,3336
2026-04-20T16:00:00+00:00,59041.94,59069.43,58981.94,59034.45,1408
2026-04-20T17:00:00+00:00,59034.45,59141.94,59014.44,59094.44,1424
2026-04-20T18:00:00+00:00,59094.44,59194.44,59061.94,59179.43,1146
2026-04-20T19:00:00+00:00,59179.43,59231.93,59141.94,59226.93,731
2026-04-20T20:00:00+00:00,59226.93,59326.94,59192.43,59269.43,418.6127355312784
2026-04-20T22:00:00+00:00,59274.43,59378.92,59274.4,59374.42,115
2026-04-20T23:00:00+00:00,59374.42,59384.41,59056.91,59071.92,481.0094114748562
2026-04-21T00:00:00+00:00,59071.92,59568.92,59071.92,59521.91,2735
2026-04-21T01:00:00+00:00,59521.91,59628.91,59366.9,59481.42,1391
2026-04-21T02:00:00+00:00,59481.42,59661.41,59436.9,59566.41,1057
2026-04-21T03:00:00+00:00,59566.41,59598.91,59456.9,59571.4,750
2026-04-21T04:00:00+00:00,59571.4,59658.92,59506.9,59511.4,509
2026-04-21T05:00:00+00:00,59511.4,59611.42,59376.9,59411.9,795
2026-04-21T06:00:00+00:00,59411.9,59428.92,59268.9,59308.9,1119
2026-04-21T07:00:00+00:00,59308.9,59408.91,59248.91,59331.4,1029
2026-04-21T08:00:00+00:00,59331.4,59408.92,59178.91,59343.9,1629
2026-04-21T09:00:00+00:00,59343.9,59401.42,59241.9,59346.42,957
2026-04-21T10:00:00+00:00,59346.42,59396.42,59291.9,59376.41,612
2026-04-21T11:00:00+00:00,59376.41,59396.42,59201.42,59203.9,1485
2026-04-21T12:00:00+00:00,59203.9,59228.9,58996.91,59053.9,2541
2026-04-21T13:00:00+00:00,59053.9,59173.9,58968.91,59171.42,3338
2026-04-21T14:00:00+00:00,59171.42,59193.92,58803.9,58823.9,3451
2026-04-21T15:00:00+00:00,58823.9,58968.92,58726.41,58838.92,6443
2026-04-21T16:00:00+00:00,58838.92,58956.41,58733.9,58733.9,2514
2026-04-21T17:00:00+00:00,58733.9,58858.91,58423.9,58721.4,6169
2026-04-21T18:00:00+00:00,58721.4,58843.92,58606.41,58746.41,3735
2026-04-21T19:00:00+00:00,58746.41,58911.41,58286.4,58456.41,8302
2026-04-21T20:00:00+00:00,58456.41,58886.92,58381.9,58821.41,3082
2026-04-21T22:00:00+00:00,58818.91,58900.53,58777.53,58810.53,280
2026-04-21T23:00:00+00:00,58810.53,59142.53,58805.51,59068.03,833.2616181552546
2026-04-22T00:00:00+00:00,59068.03,59540.02,59038.01,59468.03,4030
2026-04-22T01:00:00+00:00,59468.03,59642.53,59343.01,59587.51,2238
2026-04-22T02:00:00+00:00,59587.51,59732.52,59587.51,59632.53,944
2026-04-22T03:00:00+00:00,59632.53,59680.03,59502.52,59547.51,938
2026-04-22T04:00:00+00:00,59547.51,59607.52,59257.53,59265.01,1071
2026-04-22T05:00:00+00:00,59265.01,59620.02,59262.53,59548.01,2446
2026-04-22T06:00:00+00:00,59548.01,59752.51,59523.01,59730.01,1426
2026-04-22T07:00:00+00:00,59730.01,59820.03,59665.02,59717.52,1247
2026-04-22T08:00:00+00:00,59717.52,59747.53,59390.02,59527.52,2598
2026-04-22T09:00:00+00:00,59527.52,59692.53,59482.51,59540.01,1966
2026-04-22T10:00:00+00:00,59540.01,59610.02,59405.02,59500.03,1961
2026-04-22T11:00:00+00:00,59500.03,59525.01,59418.01,59500.03,1802
2026-04-22T12:00:00+00:00,59500.03,59632.51,59432.53,59450.02,2456
2026-04-22T13:00:00+00:00,59450.02,59582.53,59375.01,59437.53,5014
2026-04-22T14:00:00+00:00,59437.53,59617.52,59397.51,59442.52,4012
2026-04-22T15:00:00+00:00,59442.52,59540.03,59390.01,59505.03,2966
2026-04-22T16:00:00+00:00,59505.03,59660.02,59470.01,59552.51,2020
2026-04-22T17:00:00+00:00,59552.51,59740.02,59545.01,59717.51,1820
2026-04-22T18:00:00+00:00,59717.51,59720.01,59587.51,59645.03,1015
2026-04-22T19:00:00+00:00,59645.03,59845.03,59515.01,59832.53,2412
2026-04-22T20:00:00+00:00,59832.53,59880.03,59768.03,59802.51,802
2026-04-22T22:00:00+00:00,59805.01,59880.94,59761.44,59806.43,164
2026-04-22T23:00:00+00:00,59806.43,60008.45,59683.95,59938.94,835.9319409358516
2026-04-23T00:00:00+00:00,59938.94,60225.94,59183.93,60018.95,8643
2026-04-23T01:00:00+00:00,60018.95,60048.44,59230.95,59240.94,4100
2026-04-23T02:00:00+00:00,59240.94,59243.45,58883.93,58943.44,4884
2026-04-23T03:00:00+00:00,58943.44,59018.45,58658.93,58998.44,4430
2026-04-23T04:00:00+00:00,58998.44,59108.45,58893.93,59028.44,2407
2026-04-23T05:00:00+00:00,59028.44,59210.95,59023.93,59198.93,2570
2026-04-23T06:00:00+00:00,59198.93,59308.45,59060.93,59118.44,1929
2026-04-23T07:00:00+00:00,59118.44,59188.45,59013.94,59155.95,1521
2026-04-23T08:00:00+00:00,59155.95,59230.95,58935.95,58960.94,3244
2026-04-23T09:00:00+00:00,58960.94,59025.95,58780.94,58933.45,2945
2026-04-23T10:00:00+00:00,58933.45,59043.45,58828.45,59023.45,2297
2026-04-23T11:00:00+00:00,59023.45,59173.45,58873.43,59135.94,2909
2026-04-23T12:00:00+00:00,59135.94,59273.45,59033.93,59168.44,3811
2026-04-23T13:00:00+00:00,59168.44,59378.43,59088.93,59290.95,3722
2026-04-23T14:00:00+00:00,59290.95,59450.93,59175.95,59425.94,4429
2026-04-23T15:00:00+00:00,59425.94,59445.95,59228.43,59328.44,3257
2026-04-23T16:00:00+00:00,59328.44,59415.95,59268.43,59375.93,2377
2026-04-23T17:00:00+00:00,59375.93,59393.45,58320.93,58830.93,17358
2026-04-23T18:00:00+00:00,58830.93,59060.95,58740.93,58810.94,7180
2026-04-23T19:00:00+00:00,58810.94,58950.95,58735.93,58928.44,5071
2026-04-23T20:00:00+00:00,58928.44,58968.43,58798.93,58868.44,866
2026-04-23T22:00:00+00:00,58865.94,58907.94,58827.95,58887.46,238
2026-04-23T23:00:00+00:00,58887.46,59402.44,58872.94,59397.94,897.2733787780599
2026-04-24T00:00:00+00:00,59397.94,59717.46,59277.94,59542.44,6375
2026-04-24T01:00:00+00:00,59542.44,59599.96,59337.95,59549.95,4766
2026-04-24T02:00:00+00:00,59549.95,59562.46,59307.94,59367.96,3960
2026-04-24T03:00:00+00:00,59367.96,59534.96,59317.95,59379.96,3801
2026-04-24T04:00:00+00:00,59379.96,59642.45,59332.95,59622.46,2116
2026-04-24T05:00:00+00:00,59622.46,59737.44,59587.94,59707.95,1496
2026-04-24T06:00:00+00:00,59707.95,59769.96,59584.94,59629.96,1805
2026-04-24T07:00:00+00:00,59629.96,59742.45,59567.96,59684.96,1141
2026-04-24T08:00:00+00:00,59684.96,59822.46,59492.46,59544.96,4447
2026-04-24T09:00:00+00:00,59544.96,59597.45,59362.94,59464.96,2996
2026-04-24T10:00:00+00:00,59464.96,59619.96,59459.95,59592.44,1484
2026-04-24T11:00:00+00:00,59592.44,60092.46,59587.45,59882.46,7151
2026-04-24T12:00:00+00:00,59882.46,59982.46,59622.94,59717.45,2968
2026-04-24T13:00:00+00:00,59717.45,59864.95,59607.44,59662.46,6573
2026-04-24T14:00:00+00:00,59662.46,59802.45,59584.94,59744.96,8269
2026-04-24T15:00:00+00:00,59744.96,60107.44,59699.94,60044.94,6027
2026-04-24T16:00:00+00:00,60044.94,60054.95,59904.94,59984.96,2504
2026-04-24T17:00:00+00:00,59984.96,60084.95,59904.95,59997.45,2344.5736688820853
2026-04-24T18:00:00+00:00,59997.45,59997.46,59884.94,59922.45,1160
2026-04-24T19:00:00+00:00,59922.45,60012.46,59922.45,59997.44,1252
2026-04-24T20:00:00+00:00,59997.44,60032.44,59920.44,59989.96,447
2026-04-26T22:00:00+00:00,59987.46,60006.03,59676.04,59841.04,500
2026-04-26T23:00:00+00:00,59841.04,60115.52,59816.02,60110.53,1039
2026-04-27T00:00:00+00:00,60110.53,60186.04,59631.02,60106.03,6463
2026-04-27T01:00:00+00:00,60106.03,60655.53,60081.02,60566.02,5213
2026-04-27T02:00:00+00:00,60566.02,60680.54,60546.03,60590.52,1902
2026-04-27T03:00:00+00:00,60590.52,60875.54,60571.03,60810.54,3307
2026-04-27T04:00:00+00:00,60810.54,60930.52,60706.03,60805.53,2303
2026-04-27T05:00:00+00:00,60805.53,60840.53,60481.04,60483.03,3298
2026-04-27T06:00:00+00:00,60483.03,60625.53,60131.02,60225.52,3373
2026-04-27T07:00:00+00:00,60225.52,60315.54,60151.04,60273.04,1304
2026-04-27T08:00:00+00:00,60273.04,60390.54,60155.53,60335.52,2713
2026-04-27T09:00:00+00:00,60335.52,60398.03,60293.02,60325.52,1112
2026-04-27T10:00:00+00:00,60325.52,60528.02,60300.53,60495.52,1106
2026-04-27T11:00:00+00:00,60495.52,60608.04,60468.03,60543.02,1234
2026-04-27T12:00:00+00:00,60543.02,60558.04,60315.53,60333.03,2237
2026-04-27T13:00:00+00:00,60333.03,60488.03,60088.02,60315.53,5798
2026-04-27T14:00:00+00:00,60315.53,60315.53,60056.04,60081.04,4692
2026-04-27T15:00:00+00:00,60081.04,60118.04,59968.02,60095.52,3103
2026-04-27T16:00:00+00:00,60095.52,60143.03,60058.03,60078.03,1183
2026-04-27T17:00:00+00:00,60078.03,60170.53,60020.52,60078.02,1310
2026-04-27T18:00:00+00:00,60078.02,60130.53,60053.02,60070.53,576
2026-04-27T19:00:00+00:00,60070.53,60218.04,60048.02,60183.03,977
2026-04-27T20:00:00+00:00,60183.03,60230.52,60146.02,60166.04,327
2026-04-27T22:00:00+00:00,60166.04,60391.29,60166.04,60301.8,213
2026-04-27T23:00:00+00:00,60301.8,60446.81,60246.8,60341.79,1502
2026-04-28T00:00:00+00:00,60341.79,60471.31,60091.79,60346.8,6540
2026-04-28T01:00:00+00:00,60346.8,60391.3,60176.79,60236.79,4582
2026-04-28T02:00:00+00:00,60236.79,60303.79,60126.79,60156.79,2570
2026-04-28T03:00:00+00:00,60156.79,60181.31,59926.79,59991.81,3685
2026-04-28T04:00:00+00:00,59991.81,60036.31,59901.8,59996.3,2093
2026-04-28T05:00:00+00:00,59996.3,60041.3,59721.8,59871.81,2665
2026-04-28T06:00:00+00:00,59871.81,59988.8,59811.8,59916.3,2605
2026-04-28T07:00:00+00:00,59916.3,60076.3,59851.79,60051.79,1495
2026-04-28T08:00:00+00:00,60051.79,60106.3,59866.8,60058.8,2462
2026-04-28T09:00:00+00:00,60058.8,60061.31,59776.31,59811.31,2594
2026-04-28T10:00:00+00:00,59811.31,59878.79,59663.79,59701.31,1977
2026-04-28T11:00:00+00:00,59701.31,59728.8,59231.8,59296.3,4096
2026-04-28T12:00:00+00:00,59296.3,59431.3,58993.8,59193.79,6030
2026-04-28T13:00:00+00:00,59193.79,59376.31,58968.8,59186.79,7075
2026-04-28T14:00:00+00:00,59186.79,59243.8,58858.8,59031.31,8199
2026-04-28T15:00:00+00:00,59031.31,59111.3,58906.3,58968.8,5299
2026-04-28T16:00:00+00:00,58968.8,59041.31,58916.29,58978.79,2894
2026-04-28T17:00:00+00:00,58978.79,59098.81,58918.8,59071.3,1709
2026-04-28T18:00:00+00:00,59071.3,59178.81,59026.3,59131.29,1570
2026-04-28T19:00:00+00:00,59131.29,59203.81,59053.79,59101.3,1469
2026-04-28T20:00:00+00:00,59101.3,59121.29,58978.79,58993.8,754.6825795644891
2026-04-28T22:00:00+00:00,58998.8,59098.51,58954.01,59069.02,184
2026-04-28T23:00:00+00:00,59069.02,59296.01,59039,59296.01,737.8161739244816
2026-04-29T00:00:00+00:00,59296.01,59418.52,59274.01,59298.51,1842
2026-04-29T01:00:00+00:00,59298.51,59378.52,59084,59313.51,4075
2026-04-29T02:00:00+00:00,59313.51,59433.52,59311,59378.52,1497
2026-04-29T03:00:00+00:00,59378.52,59441,59358.5,59413.52,1140
2026-04-29T04:00:00+00:00,59413.52,59501.02,59411.02,59463.52,831
2026-04-29T05:00:00+00:00,59463.52,59468.52,59359.01,59428.51,1200
2026-04-29T06:00:00+00:00,59428.51,59488.51,59204.02,59216,1614
2026-04-29T07:00:00+00:00,59216,59308.5,59056,59106,2074
2026-04-29T08:00:00+00:00,59106,59226.02,59016.02,59101.02,4325
2026-04-29T09:00:00+00:00,59101.02,59251.02,59056,59106,3122
2026-04-29T10:00:00+00:00,59106,59341.02,59063.52,59283.52,2388
2026-04-29T11:00:00+00:00,59283.52,59373.51,59218.51,59261.02,2349
2026-04-29T12:00:00+00:00,59261.02,59313.52,59118.5,59158.52,2774
2026-04-29T13:00:00+00:00,59158.52,59218.51,58916,59058.51,6438
2026-04-29T14:00:00+00:00,59058.51,59206,59006,59141.02,4262
2026-04-29T15:00:00+00:00,59141.02,59156.02,58803.5,58928.5,6274
2026-04-29T16:00:00+00:00,58928.5,59031.01,58756.02,58788.51,4208
2026-04-29T17:00:00+00:00,58788.51,58933.52,58728.51,58864.03,3530.0324487928483
2026-04-29T18:00:00+00:00,58864.03,58874.03999999999,58588.53,58848.52,7134
2026-04-29T19:00:00+00:00,58848.52,58978.53,58736.02,58886.03999999999,4391
2026-04-29T20:00:00+00:00,58886.03999999999,59036.03999999999,58558.53,58611.02,6540
2026-04-29T22:00:00+00:00,58611,59022.17,58595.18,58970.19,474
2026-04-29T23:00:00+00:00,58970.19,59242.67,58947.67,59162.17,1565.6051902808315
2026-04-30T00:00:00+00:00,59162.17,59487.19,59092.68,59352.67,6179
2026-04-30T01:00:00+00:00,59352.67,59367.19,59092.68,59287.68,4364
2026-04-30T02:00:00+00:00,59287.68,59472.19,58947.67,59152.18,5479
2026-04-30T03:00:00+00:00,59152.18,59252.18,59022.69,59234.69,3675
2026-04-30T04:00:00+00:00,59234.69,59242.19,58917.67,59062.18,4453
2026-04-30T05:00:00+00:00,59062.18,59284.69,59062.18,59164.69,3535
2026-04-30T06:00:00+00:00,59164.69,59542.19,59097.17,59414.68,4331
2026-04-30T07:00:00+00:00,59414.68,59652.18,59347.67,59477.67,2775
2026-04-30T08:00:00+00:00,59477.67,59584.68,59247.67,59277.19,4870
2026-04-30T09:00:00+00:00,59277.19,59444.68,59114.67,59257.18,4617
2026-04-30T10:00:00+00:00,59257.18,59309.69,58807.19,58924.68,5719
2026-04-30T11:00:00+00:00,58924.68,59212.19,58857.19,59167.19,5024
2026-04-30T12:00:00+00:00,59167.19,59344.69,59112.18,59309.67,2653
2026-04-30T13:00:00+00:00,59309.67,59354.69,59092.19,59159.67,6266
2026-04-30T14:00:00+00:00,59159.67,59549.69,59134.67,59507.68,8046
2026-04-30T15:00:00+00:00,59507.68,59572.18,59379.67,59479.69,4078
2026-04-30T16:00:00+00:00,59479.69,59519.69,59419.67,59452.18,2159
2026-04-30T17:00:00+00:00,59452.18,59672.18,59452.18,59659.69,2289
2026-04-30T18:00:00+00:00,59659.69,59777.19,59659.69,59732.18,1068
2026-04-30T19:00:00+00:00,59732.18,59859.67,59727.17,59777.19,1603
2026-04-30T20:00:00+00:00,59777.19,59807.19,59702.17,59709.69,1457.8312416949652
2026-04-30T22:00:00+00:00,59717.19,59882.23,59692.71,59752.72,378
2026-04-30T23:00:00+00:00,59752.72,59842.73,59637.73,59657.71,1158.9385889745786
2026-05-01T00:00:00+00:00,59657.71,59707.72,59377.71,59522.72,4802
2026-05-01T01:00:00+00:00,59522.72,59707.23,59482.71,59687.72,2734
2026-05-01T02:00:00+00:00,59687.72,59732.22,59637.71,59657.72,945
2026-05-01T03:00:00+00:00,59657.72,59729.71,59607.71,59642.72,1036
2026-05-01T04:00:00+00:00,59642.72,59717.22,59612.71,59672.21,1073
2026-05-01T05:00:00+00:00,59672.21,59717.23,59597.23,59597.72,1215
2026-05-01T06:00:00+00:00,59597.72,59622.22,59067.72,59202.23,1947
2026-05-01T07:00:00+00:00,59202.23,59407.22,59192.72,59327.21,1182
2026-05-01T08:00:00+00:00,59327.21,59339.73,59177.23,59232.22,1286
2026-05-01T09:00:00+00:00,59232.22,59287.23,59167.23,59234.71,1059
2026-05-01T10:00:00+00:00,59234.71,59252.22,59164.72,59232.23,765
2026-05-01T11:00:00+00:00,59232.23,59249.73,59132.22,59182.23,941
2026-05-01T12:00:00+00:00,59182.23,59347.23,59074.71,59082.23,2049
2026-05-01T13:00:00+00:00,59082.23,59417.72,59072.23,59407.73,3709
2026-05-01T14:00:00+00:00,59407.73,59547.23,59337.23,59382.72,3480
2026-05-01T15:00:00+00:00,59382.72,59582.22,59277.71,59507.22,2344
2026-05-01T16:00:00+00:00,59507.22,59522.23,59297.71,59379.71,2313
2026-05-01T17:00:00+00:00,59379.71,59539.72,59377.21,59514.72,1326.6840050202204
2026-05-01T18:00:00+00:00,59514.72,59522.23,59374.71,59417.21,1480
2026-05-01T19:00:00+00:00,59417.21,59562.21,59372.71,59387.23,1239
2026-05-01T20:00:00+00:00,59387.23,59387.23,59277.71,59277.71,488
2026-05-03T22:00:00+00:00,59277.71,59741.09,59277.71,59576.09,757
2026-05-03T23:00:00+00:00,59576.09,59703.07,59431.08,59436.09,1548
2026-05-04T00:00:00+00:00,59436.09,59720.58,59321.07,59686.07,4230
2026-05-04T01:00:00+00:00,59686.07,59895.58,59601.07,59850.57,2631
2026-05-04T02:00:00+00:00,59850.57,59863.08,59711.08,59811.07,1532
2026-05-04T03:00:00+00:00,59811.07,59895.59,59676.07,59761.08,1962
2026-05-04T04:00:00+00:00,59761.08,59865.58,59741.08,59841.09,979
2026-05-04T05:00:00+00:00,59841.09,59980.57,59831.07,59931.08,1138
2026-05-04T06:00:00+00:00,59931.08,59960.59,59723.08,59758.07,2232
2026-05-04T07:00:00+00:00,59758.07,59900.58,59703.09,59775.58,1577
2026-05-04T08:00:00+00:00,59775.58,59820.59,59636.08,59670.57,2542
2026-05-04T09:00:00+00:00,59670.57,59765.58,59653.07,59688.08,1514
2026-05-04T10:00:00+00:00,59688.08,59700.58,59095.59,59543.08,11209
2026-05-04T11:00:00+00:00,59543.08,59695.59,59501.09,59610.58,3484
2026-05-04T12:00:00+00:00,59610.58,59840.57,59610.58,59768.09,3087
2026-05-04T13:00:00+00:00,59768.09,59893.09,59605.59,59873.08,6257
2026-05-04T14:00:00+00:00,59873.08,60010.58,59758.07,59773.07,3863
2026-05-04T15:00:00+00:00,59773.07,59803.08,59365.57,59465.59,10506
2026-05-04T16:00:00+00:00,59465.59,59575.59,59241.07,59316.08,6260
2026-05-04T17:00:00+00:00,59316.08,59560.58,59311.07,59463.08,2626
2026-05-04T18:00:00+00:00,59463.08,59515.59,59281.07,59310.58,1662
2026-05-04T19:00:00+00:00,59310.58,59470.59,59286.07,59458.08,2273
2026-05-04T20:00:00+00:00,59458.08,59471.07,59401.08,59463.58,567.6723579629084
2026-05-04T22:00:00+00:00,59455.58,59542.26,59372.26,59407.28,401
2026-05-04T23:00:00+00:00,59407.28,59492.28,59322.27,59342.26,870.7016991281852
2026-05-05T00:00:00+00:00,59342.26,59516.77,59282.26,59422.28,3197
2026-05-05T01:00:00+00:00,59422.28,59496.78,59352.26,59447.28,2978
2026-05-05T02:00:00+00:00,59447.28,59571.77,59427.26,59521.77,1446
2026-05-05T03:00:00+00:00,59521.77,59626.78,59497.27,59586.78,842.3583836167489
2026-05-05T04:00:00+00:00,59586.78,59646.78,59547.27,59561.77,788
2026-05-05T05:00:00+00:00,59561.77,59641.78,59502.26,59629.26,1248
2026-05-05T06:00:00+00:00,59629.26,59696.78,59532.28,59664.28,1907
2026-05-05T07:00:00+00:00,59664.28,59906.78,59646.78,59721.76,2251
2026-05-05T08:00:00+00:00,59721.76,59866.76,59686.78,59769.28,2666
2026-05-05T09:00:00+00:00,59769.28,59864.27,59701.78,59804.26,1884
2026-05-05T10:00:00+00:00,59804.26,59966.76,59764.26,59829.27,1375
2026-05-05T11:00:00+00:00,59829.27,60001.77,59761.76,59969.26,1971
2026-05-05T12:00:00+00:00,59969.26,60146.78,59927.28,60034.26,2233
2026-05-05T13:00:00+00:00,60034.26,60269.28,60034.26,60222.28,2970
2026-05-05T14:00:00+00:00,60222.28,60389.27,60137.26,60351.77,4792
2026-05-05T15:00:00+00:00,60351.77,60549.27,60329.26,60509.28,1999
2026-05-05T16:00:00+00:00,60509.28,60569.27,60474.28,60524.26,1028
2026-05-05T17:00:00+00:00,60524.26,60651.77,60509.26,60629.26,840
2026-05-05T18:00:00+00:00,60629.26,60666.78,60611.78,60629.27,479
2026-05-05T19:00:00+00:00,60629.27,60676.76,60531.78,60594.26,974
2026-05-05T20:00:00+00:00,60594.26,60721.76,60542.26,60711.76,1026
2026-05-05T22:00:00+00:00,60711.76,61045.49,60628.49,61043.48,918
2026-05-05T23:00:00+00:00,61043.48,61228.48,60968.49,60993.49,1719
2026-05-06T00:00:00+00:00,60993.49,61417.99,60958.47,61183.49,5606
2026-05-06T01:00:00+00:00,61183.49,61413.49,61158.47,61203.48,3632
2026-05-06T02:00:00+00:00,61203.48,61207.97,60993.47,61048.47,2383
2026-05-06T03:00:00+00:00,61048.47,61192.97,61048.47,61173.49,1465
2026-05-06T04:00:00+00:00,61173.49,61267.99,60958.47,61083.47,3700
2026-05-06T05:00:00+00:00,61083.47,61207.99,61008.49,61200.49,1544
2026-05-06T06:00:00+00:00,61200.49,61325.49,61198.47,61287.98,1416
2026-05-06T07:00:00+00:00,61287.98,61342.99,61202.98,61307.97,1250
2026-05-06T08:00:00+00:00,61307.97,62002.99,61293.48,61932.99,6357
2026-05-06T09:00:00+00:00,61932.99,62092.99,61798.47,62030.48,4985
2026-05-06T10:00:00+00:00,62030.48,62262.99,62002.97,62197.98,4730
2026-05-06T11:00:00+00:00,62197.98,62345.48,62038.48,62057.98,4548
2026-05-06T12:00:00+00:00,62057.98,62062.98,61713.47,61832.98,5403
2026-05-06T13:00:00+00:00,61832.98,61835.48,61568.49,61782.98,7471
2026-05-06T14:00:00+00:00,61782.98,61835.47,61552.98,61795.48,7307
2026-05-06T15:00:00+00:00,61795.48,61895.48,61697.97,61792.98,3150
2026-05-06T16:00:00+00:00,61792.98,61822.98,61600.48,61670.47,2112
2026-05-06T17:00:00+00:00,61670.47,61815.49,61650.47,61812.97,1380
2026-05-06T18:00:00+00:00,61812.97,61962.99,61812.97,61927.98,1013
2026-05-06T19:00:00+00:00,61927.98,62115.49,61925.47,62055.48,1418
2026-05-06T20:00:00+00:00,62055.48,62322.99,62055.48,62097.99,1347
2026-05-06T22:00:00+00:00,62097.99,62134.18,61839.66,61859.66,351
2026-05-06T23:00:00+00:00,61859.66,62031.68,61692.18,61862.189999999995,2114.0583375062592
2026-05-07T00:00:00+00:00,61862.189999999995,62214.189999999995,61817.18,62206.7,9347
2026-05-07T01:00:00+00:00,62206.7,62856.7,62092.18,62792.189999999995,4778
2026-05-07T02:00:00+00:00,62792.189999999995,62976.7,62757.18,62814.189999999995,2858
2026-05-07T03:00:00+00:00,62814.189999999995,62991.68,62752.189999999995,62891.689999999995,2221
2026-05-07T04:00:00+00:00,62891.689999999995,63159.189999999995,62837.18,63121.7,2702
2026-05-07T05:00:00+00:00,63121.7,63236.7,63052.18,63059.18,2821
2026-05-07T06:00:00+00:00,63059.18,63169.189999999995,62946.68,63062.189999999995,3409
2026-05-07T07:00:00+00:00,63062.189999999995,63341.68,63017.18,63279.189999999995,2669
2026-05-07T08:00:00+00:00,63279.189999999995,63344.18,62926.68,63014.2,4041
2026-05-07T09:00:00+00:00,63014.2,63129.189999999995,62921.689999999995,62941.689999999995,2963
2026-05-07T10:00:00+00:00,62941.689999999995,62996.7,62854.18,62869.189999999995,2154
2026-05-07T11:00:00+00:00,62869.189999999995,62884.2,62679.18,62751.7,2609
2026-05-07T12:00:00+00:00,62751.7,62946.68,62734.189999999995,62851.68,2136
2026-05-07T13:00:00+00:00,62851.68,62854.2,62439.18,62519.189999999995,4434
2026-05-07T14:00:00+00:00,62519.189999999995,62706.7,62489.189999999995,62669.18,4162
2026-05-07T15:00:00+00:00,62669.18,62674.2,62396.689999999995,62431.7,5109
2026-05-07T16:00:00+00:00,62431.7,62459.2,62227.18,62309.189999999995,5841
2026-05-07T17:00:00+00:00,62309.189999999995,62356.689999999995,62034.2,62316.7,9148
2026-05-07T18:00:00+00:00,62316.7,62366.689999999995,62062.2,62281.68,5828
2026-05-07T19:00:00+00:00,62281.68,62331.7,62112.18,62196.689999999995,4713
2026-05-07T20:00:00+00:00,62196.689999999995,62426.7,62022.18,62094.2,3544
2026-05-07T22:00:00+00:00,62106.68,62229.06,61954.04,62164.05,625
2026-05-07T23:00:00+00:00,62164.05,62443.56,61989.04,62434.05,1501.909082409652
2026-05-08T00:00:00+00:00,62434.05,62714.05,62309.06,62628.55,7815
2026-05-08T01:00:00+00:00,62628.55,62773.55,62384.04,62419.05,5261
2026-05-08T02:00:00+00:00,62419.05,62448.56,62109.06,62273.54,5291
2026-05-08T03:00:00+00:00,62273.54,62513.56,62249.04,62478.54,3918
2026-05-08T04:00:00+00:00,62478.54,62583.55,62369.04,62508.54,3881
2026-05-08T05:00:00+00:00,62508.54,62731.06,62508.54,62664.05,3491
2026-05-08T06:00:00+00:00,62664.05,62828.56,62596.04,62821.04,3431
2026-05-08T07:00:00+00:00,62821.04,62856.05,62719.04,62831.06,1936
2026-05-08T08:00:00+00:00,62831.06,62991.06,62798.55,62903.55,3048
2026-05-08T09:00:00+00:00,62903.55,63068.56,62718.55,62796.04,2259
2026-05-08T10:00:00+00:00,62796.04,62868.56,62659.05,62778.55,2131
2026-05-08T11:00:00+00:00,62778.55,62921.04,62763.56,62891.04,1942
2026-05-08T12:00:00+00:00,62891.04,63083.56,62849.05,62969.05,3042
2026-05-08T13:00:00+00:00,62969.05,63433.55,62921.05,63403.56,6039
2026-05-08T14:00:00+00:00,63403.56,63423.56,63106.04,63176.04,5250
2026-05-08T15:00:00+00:00,63176.04,63286.06,63101.06,63261.04,3803
2026-05-08T16:00:00+00:00,63261.04,63413.56,63261.04,63356.06,2118
2026-05-08T17:00:00+00:00,63356.06,63611.04,63336.04,63556.04,1943.596707392835
2026-05-08T18:00:00+00:00,63556.04,63706.05,63466.04,63491.04,2463
2026-05-08T19:00:00+00:00,63491.04,63658.56,63483.54,63651.06,2045
2026-05-08T20:00:00+00:00,63651.06,63696.04,63606.55,63631.56,590
2026-05-10T22:00:00+00:00,63634.06,63667.93,63317.91,63482.92,574
2026-05-10T23:00:00+00:00,63482.92,63807.43,63432.91,63442.92,1900
2026-05-11T00:00:00+00:00,63442.92,63497.93,63012.91,63042.91,7735
2026-05-11T01:00:00+00:00,63042.91,63152.41,62532.42,62574.93,6071
2026-05-11T02:00:00+00:00,62574.93,62629.92,62467.92,62497.91,3269
2026-05-11T03:00:00+00:00,62497.91,62702.41,62427.92,62647.93,3534
2026-05-11T04:00:00+00:00,62647.93,62797.42,62567.91,62627.43,1897
2026-05-11T05:00:00+00:00,62627.43,62644.93,62477.91,62482.93,2822
2026-05-11T06:00:00+00:00,62482.93,62534.91,62342.42,62497.41,2663
2026-05-11T07:00:00+00:00,62497.41,62679.93,62477.41,62659.91,1792
2026-05-11T08:00:00+00:00,62659.91,62672.41,62452.93,62499.91,2846
2026-05-11T09:00:00+00:00,62499.91,62727.43,62474.91,62612.43,1705
2026-05-11T10:00:00+00:00,62612.43,62657.43,62499.92,62542.42,1925
2026-05-11T11:00:00+00:00,62542.42,62717.43,62537.42,62604.93,1952
2026-05-11T12:00:00+00:00,62604.93,62679.93,62507.93,62649.92,2940
2026-05-11T13:00:00+00:00,62649.92,62859.92,62649.91,62764.91,3685
2026-05-11T14:00:00+00:00,62764.91,62799.91,62517.42,62744.92,4683
2026-05-11T15:00:00+00:00,62744.92,62904.93,62692.41,62849.93,2663
2026-05-11T16:00:00+00:00,62849.93,62889.93,62677.42,62772.43,2030
2026-05-11T17:00:00+00:00,62772.43,62904.93,62767.91,62862.43,1222
2026-05-11T18:00:00+00:00,62862.43,62934.93,62804.91,62809.91,1358
2026-05-11T19:00:00+00:00,62809.91,62922.43,62762.43,62922.43,2512
2026-05-11T20:00:00+00:00,62922.43,62929.91,62742.92,62887.42,1095
2026-05-11T22:00:00+00:00,62887.42,63058.88,62859.39,63018.89,172
2026-05-11T23:00:00+00:00,63018.89,63023.87,62694.37,62839.37,1151.9711914574411
2026-05-12T00:00:00+00:00,62839.37,63238.89,62774.37,63183.89,6542
2026-05-12T01:00:00+00:00,63183.89,63213.89,62179.38,62439.37,10299
2026-05-12T02:00:00+00:00,62439.37,62903.89,62394.38,62879.37,5047
2026-05-12T03:00:00+00:00,62879.37,62948.89,62694.37,62734.38,3203
2026-05-12T04:00:00+00:00,62734.38,62898.87,62599.37,62599.37,3432
2026-05-12T05:00:00+00:00,62599.37,62813.89,62589.37,62724.38,4888
2026-05-12T06:00:00+00:00,62724.38,62858.88,62516.39,62541.37,4318
2026-05-12T07:00:00+00:00,62541.37,62678.87,62388.88,62576.38,2525
2026-05-12T08:00:00+00:00,62576.38,62721.37,62438.89,62663.89,3868
2026-05-12T09:00:00+00:00,62663.89,62711.37,62556.37,62601.39,3365
2026-05-12T10:00:00+00:00,62601.39,62693.89,62483.87,62513.89,2017
2026-05-12T11:00:00+00:00,62513.89,62578.88,62386.37,62433.87,3117
2026-05-12T12:00:00+00:00,62433.87,62641.38,62324.37,62596.38,3726
2026-05-12T13:00:00+00:00,62596.38,62621.39,62291.38,62331.38,6220
2026-05-12T14:00:00+00:00,62331.38,62481.38,62016.38,62041.38,8986
2026-05-12T15:00:00+00:00,62041.38,62076.38,61801.38,61911.37,6222
2026-05-12T16:00:00+00:00,61911.37,62001.39,61763.87,61821.38,4525
2026-05-12T17:00:00+00:00,61821.38,62066.37,61811.37,62023.88,3585
2026-05-12T18:00:00+00:00,62023.88,62236.39,62008.89,62166.39,2652
2026-05-12T19:00:00+00:00,62166.39,62506.39,62163.87,62483.88,2802
2026-05-12T20:00:00+00:00,62483.88,62498.89,62386.38,62496.38,1028
2026-05-12T22:00:00+00:00,62496.38,62709.94,62485.43,62560.42,379
2026-05-12T23:00:00+00:00,62560.42,62610.44,62225.42,62275.43,1240.4795618789522
2026-05-13T00:00:00+00:00,62275.43,62759.92,62250.43,62465.44,9445
2026-05-13T01:00:00+00:00,62465.44,63139.94,62460.42,62950.43,5990
2026-05-13T02:00:00+00:00,62950.43,62970.44,62780.42,62880.44,3219
2026-05-13T03:00:00+00:00,62880.44,63237.44,62840.42,63149.92,2599
2026-05-13T04:00:00+00:00,63149.92,63329.94,63085.44,63269.92,2424
2026-05-13T05:00:00+00:00,63269.92,63384.92,63220.44,63275.43,2230
2026-05-13T06:00:00+00:00,63275.43,63412.42,63162.43,63274.93,1720
2026-05-13T07:00:00+00:00,63274.93,63304.94,63132.44,63302.43,885
2026-05-13T08:00:00+00:00,63302.43,63334.92,63129.92,63154.94,1879
2026-05-13T09:00:00+00:00,63154.94,63204.92,62952.43,63052.42,2066
2026-05-13T10:00:00+00:00,63052.42,63087.42,62874.93,62927.43,1833
2026-05-13T11:00:00+00:00,62927.43,63044.93,62875.43,63022.44,1461
2026-05-13T12:00:00+00:00,63022.44,63062.44,62704.93,62779.93,3417
2026-05-13T13:00:00+00:00,62779.93,63094.94,62779.92,63082.44,5134
2026-05-13T14:00:00+00:00,63082.44,63139.93,62947.44,63077.42,4808
2026-05-13T15:00:00+00:00,63077.42,63222.43,63042.42,63094.93,2132
2026-05-13T16:00:00+00:00,63094.93,63297.44,63077.43,63242.42,2136
2026-05-13T17:00:00+00:00,63242.42,63352.44,63242.42,63254.93,967.901654272272
2026-05-13T18:00:00+00:00,63254.93,63389.94,63254.92,63339.94,1500
2026-05-13T19:00:00+00:00,63339.94,63459.94,63332.43,63407.42,1290
2026-05-13T20:00:00+00:00,63407.42,63482.42,63347.92,63472.92,488.8775905770091
2026-05-13T22:00:00+00:00,63470.42,63600.87,63446.39,63595.89,362
2026-05-13T23:00:00+00:00,63595.89,63728.38,63458.88,63708.89,1367.6124920668747
2026-05-14T00:00:00+00:00,63708.89,63843.39,63463.87,63748.89,7221
2026-05-14T01:00:00+00:00,63748.89,63843.38,63528.87,63533.87,5296
2026-05-14T02:00:00+00:00,63533.87,63633.38,63358.87,63413.87,3273
2026-05-14T03:00:00+00:00,63413.87,63485.87,63313.87,63353.87,2733
2026-05-14T04:00:00+00:00,63353.87,63468.39,63093.87,63113.88,3082
2026-05-14T05:00:00+00:00,63113.88,63148.39,62733.87,62898.38,5861
2026-05-14T06:00:00+00:00,62898.38,62938.39,62658.89,62768.38,2618
2026-05-14T07:00:00+00:00,62768.38,62855.89,62628.89,62648.89,1617
2026-05-14T08:00:00+00:00,62648.89,62853.37,62533.87,62803.38,2829
2026-05-14T09:00:00+00:00,62803.38,62838.37,62583.87,62730.87,2455
2026-05-14T10:00:00+00:00,62730.87,62963.39,62723.37,62935.89,2832
2026-05-14T11:00:00+00:00,62935.89,63038.39,62898.37,62985.87,1570
2026-05-14T12:00:00+00:00,62985.87,63050.89,62863.37,62898.39,1648
2026-05-14T13:00:00+00:00,62898.39,62910.89,62668.88,62705.89,4578
2026-05-14T14:00:00+00:00,62705.89,62998.38,62673.38,62920.89,4179
2026-05-14T15:00:00+00:00,62920.89,63013.39,62910.87,62950.89,1709
2026-05-14T16:00:00+00:00,62950.89,63050.88,62868.38,62935.87,2550
2026-05-14T17:00:00+00:00,62935.87,62975.89,62765.89,62913.38,3290
2026-05-14T18:00:00+00:00,62913.38,62963.39,62795.87,62955.89,2378
2026-05-14T19:00:00+00:00,62955.89,63090.88,62955.87,63035.88,1511
2026-05-14T20:00:00+00:00,63035.88,63118.39,62993.87,63035.88,896
2026-05-14T22:00:00+00:00,63028.38,63127.41,62947.89,63077.89,295
2026-05-14T23:00:00+00:00,63077.89,63102.41,62827.89,62957.91,1293.103593339176
2026-05-15T00:00:00+00:00,62957.91,63267.4,62412.89,62557.39,8442
2026-05-15T01:00:00+00:00,62557.39,62582.41,61897.9,61927.9,8637
2026-05-15T02:00:00+00:00,61927.9,62167.41,61762.91,62077.91,5327
2026-05-15T03:00:00+00:00,62077.91,62107.4,61832.91,61897.39,3021
2026-05-15T04:00:00+00:00,61897.39,61899.89,61602.9,61612.89,3427
2026-05-15T05:00:00+00:00,61612.89,61617.91,60972.89,61007.89,4056
2026-05-15T06:00:00+00:00,61007.89,62082.41,60967.89,61912.4,6303
2026-05-15T07:00:00+00:00,61912.4,62102.41,61817.9,61899.89,2580
2026-05-15T08:00:00+00:00,61899.89,61952.41,61412.39,61849.9,6743
2026-05-15T09:00:00+00:00,61849.9,61907.41,61577.39,61682.4,5734
2026-05-15T10:00:00+00:00,61682.4,62144.91,61637.9,62112.4,6233
2026-05-15T11:00:00+00:00,62112.4,62177.39,61739.89,61749.91,3619
2026-05-15T12:00:00+00:00,61749.91,61839.91,61644.89,61807.41,4284
2026-05-15T13:00:00+00:00,61807.41,61902.39,61584.89,61722.41,8547
2026-05-15T14:00:00+00:00,61722.41,62084.91,61659.91,61944.89,11486
2026-05-15T15:00:00+00:00,61944.89,62039.9,61742.39,61834.91,7249
2026-05-15T16:00:00+00:00,61834.91,61987.41,61784.89,61924.9,4103
2026-05-15T17:00:00+00:00,61924.9,62097.39,61904.89,62012.420000000006,2297.5920927780708
2026-05-15T18:00:00+00:00,62012.420000000006,62079.920000000006,61794.9,61924.9,3370
2026-05-15T19:00:00+00:00,61924.9,61937.420000000006,61730.420000000006,61799.920000000006,2715
2026-05-15T20:00:00+00:00,61799.920000000006,61799.920000000006,61580.4,61652.4,1269
2026-05-17T22:00:00+00:00,61654.89,61841.74,61557.25,61662.24,1028
2026-05-17T23:00:00+00:00,61662.24,61767.25,61402.26,61717.26,3278
2026-05-18T00:00:00+00:00,61717.26,61787.25,60877.24,61157.24,19328
2026-05-18T01:00:00+00:00,61157.24,61222.24,60392.25,60742.24,16368
2026-05-18T02:00:00+00:00,60742.24,60949.26,60622.24,60736.76,6061
2026-05-18T03:00:00+00:00,60736.76,60996.74,60657.25,60937.24,6306
2026-05-18T04:00:00+00:00,60937.24,61141.76,60867.24,60961.74,4344
2026-05-18T05:00:00+00:00,60961.74,61171.74,60827.25,60972.26,4936
2026-05-18T06:00:00+00:00,60972.26,60981.75,60544.24,60871.74,4935
2026-05-18T07:00:00+00:00,60871.74,61086.76,60772.24,60856.76,2842
2026-05-18T08:00:00+00:00,60856.76,61231.75,60856.76,61191.74,3086
2026-05-18T09:00:00+00:00,61191.74,61221.76,61057.24,61141.76,2593
2026-05-18T10:00:00+00:00,61141.76,61166.76,60871.76,61001.76,2812
2026-05-18T11:00:00+00:00,61001.76,61506.74,60791.74,61259.25,5936
2026-05-18T12:00:00+00:00,61259.25,61811.76,61236.76,61764.25,5972
2026-05-18T13:00:00+00:00,61764.25,61806.75,61394.25,61632.24,8507
2026-05-18T14:00:00+00:00,61632.24,61636.76,61211.74,61376.76,11282
2026-05-18T15:00:00+00:00,61376.76,61449.25,61107.24,61276.74,8118
2026-05-18T16:00:00+00:00,61276.74,61394.26,61024.26,61266.75,5505
2026-05-18T17:00:00+00:00,61266.75,61321.75,61177.24,61266.76,3438
2026-05-18T18:00:00+00:00,61266.76,61276.74,60842.24,60891.74,4378
2026-05-18T19:00:00+00:00,60891.74,61536.75,60867.24,61522.25,6807
2026-05-18T20:00:00+00:00,61522.25,61546.76,61422.24,61469.25,909
2026-05-18T22:00:00+00:00,61469.25,61633.24,61469.25,61603.73,358
2026-05-18T23:00:00+00:00,61603.73,61640.72,61253.73,61278.73,2039
2026-05-19T00:00:00+00:00,61278.73,61498.24,60863.73,60918.74,12392
2026-05-19T01:00:00+00:00,60918.74,61108.23,60648.72,60783.72,11168
2026-05-19T02:00:00+00:00,60783.72,60783.72,60443.71000000001,60538.23,6946
2026-05-19T03:00:00+00:00,60538.23,60813.23,60453.23,60538.71000000001,5392
2026-05-19T04:00:00+00:00,60538.71000000001,60683.23,60283.71000000001,60618.73,7185
2026-05-19T05:00:00+00:00,60618.73,60683.22000000001,60391.22000000001,60476.240000000005,6547
2026-05-19T06:00:00+00:00,60476.240000000005,60908.210000000014,60396.22000000001,60843.210000000014,5040
2026-05-19T07:00:00+00:00,60843.210000000014,61095.740000000005,60820.72000000001,61048.72000000001,2367
2026-05-19T08:00:00+00:00,61048.72000000001,61140.73000000001,60688.22000000001,60698.22000000001,4735
2026-05-19T09:00:00+00:00,60698.22000000001,60698.23000000001,60205.72000000001,60435.72000000001,5642
2026-05-19T10:00:00+00:00,60435.72000000001,60530.740000000005,60245.740000000005,60488.240000000005,4881
2026-05-19T11:00:00+00:00,60488.240000000005,60530.73000000001,60300.73000000001,60308.240000000005,3661
2026-05-19T12:00:00+00:00,60308.240000000005,60530.740000000005,60248.22000000001,60463.22000000001,4092
2026-05-19T13:00:00+00:00,60463.22000000001,60558.23000000001,60201.22000000001,60451.22000000001,12265
2026-05-19T14:00:00+00:00,60451.22000000001,60493.240000000005,59945.740000000005,60283.22000000001,13164
2026-05-19T15:00:00+00:00,60283.22000000001,60418.240000000005,60243.22000000001,60373.240000000005,7498
2026-05-19T16:00:00+00:00,60373.240000000005,60913.240000000005,60370.73000000001,60905.73000000001,5906
2026-05-19T17:00:00+00:00,60905.73000000001,60988.240000000005,60805.72000000001,60905.72000000001,3638
2026-05-19T18:00:00+00:00,60905.72000000001,60978.240000000005,60698.22000000001,60748.23000000001,3920
2026-05-19T19:00:00+00:00,60748.23000000001,60920.740000000005,60575.72000000001,60655.72000000001,4650
2026-05-19T20:00:00+00:00,60655.72000000001,60660.73000000001,60535.72000000001,60555.740000000005,1001
2026-05-19T22:00:00+00:00,60553.24,60672.21,60525.22,60632.22,426
2026-05-19T23:00:00+00:00,60632.22,60854.71,60445.2,60465.2,1743
2026-05-20T00:00:00+00:00,60465.2,60485.22,59315.21,59840.2,21168
2026-05-20T01:00:00+00:00,59840.2,60074.71,59420.2,59815.22,16283
2026-05-20T02:00:00+00:00,59815.22,59910.22,59510.2,59544.7,10282
2026-05-20T03:00:00+00:00,59544.7,59745.21,59330.2,59715.21,9360
2026-05-20T04:00:00+00:00,59715.21,59860.21,59520.21,59540.2,5279
2026-05-20T05:00:00+00:00,59540.2,59805.22,59520.21,59795.21,6714
2026-05-20T06:00:00+00:00,59795.21,59959.7,59640.2,59909.72,4669
2026-05-20T07:00:00+00:00,59909.72,60017.22,59814.71,59824.7,2038
2026-05-20T08:00:00+00:00,59824.7,60254.72,59817.21,60224.7,4327
2026-05-20T09:00:00+00:00,60224.7,60322.22,60129.72,60274.7,1981
2026-05-20T10:00:00+00:00,60274.7,60404.72,60269.71,60349.71,1805
2026-05-20T11:00:00+00:00,60349.71,60404.72,60232.2,60282.22,2496
2026-05-20T12:00:00+00:00,60282.22,60487.22,60259.71,60394.71,2657
2026-05-20T13:00:00+00:00,60394.71,60604.72,60294.72,60479.7,7115
2026-05-20T14:00:00+00:00,60479.7,61042.2,60342.2,60962.22,14507
2026-05-20T15:00:00+00:00,60962.22,61414.72,60957.21,61172.21,8772
2026-05-20T16:00:00+00:00,61172.21,61262.22,61027.2,61200.2,5224
2026-05-20T17:00:00+00:00,61200.2,61387.22,61130.22,61320.22,3318
2026-05-20T18:00:00+00:00,61320.22,61429.72,61290.2,61364.71,2327
2026-05-20T19:00:00+00:00,61364.71,61517.22,61362.2,61497.2,1891
2026-05-20T20:00:00+00:00,61497.2,61539.72,61225.2,61229.72,2866
2026-05-20T22:00:00+00:00,61229.72,61296.75,60991.25,61126.74,594
2026-05-20T23:00:00+00:00,61126.74,61406.24,61091.75,61361.23,1686
2026-05-21T00:00:00+00:00,61361.23,61788.73,61226.74,61671.24,12172
2026-05-21T01:00:00+00:00,61671.24,61966.25,61666.73,61881.25,7456
2026-05-21T02:00:00+00:00,61881.25,61976.25,61801.24,61816.23,3486
2026-05-21T03:00:00+00:00,61816.23,62003.75,61791.73,61931.24,3298
2026-05-21T04:00:00+00:00,61931.24,62048.75,61881.74,61891.25,2574
2026-05-21T05:00:00+00:00,61891.25,62053.73,61616.73,61766.23,4715
2026-05-21T06:00:00+00:00,61766.23,61816.23,61401.24,61453.74,3565
2026-05-21T07:00:00+00:00,61453.74,61493.75,61281.24,61478.74,1629
2026-05-21T08:00:00+00:00,61478.74,61886.24,61411.75,61518.75,3929
2026-05-21T09:00:00+00:00,61518.75,61656.23,61461.25,61521.25,2706
2026-05-21T10:00:00+00:00,61521.25,61601.25,60991.75,61126.24,7253
2026-05-21T11:00:00+00:00,61126.24,61303.73,61076.25,61178.75,3248
2026-05-21T12:00:00+00:00,61178.75,61301.24,61111.73,61163.73,4180
2026-05-21T13:00:00+00:00,61163.73,61686.25,61136.23,61613.74,7655
2026-05-21T14:00:00+00:00,61613.74,61661.25,61351.25,61496.25,7067
2026-05-21T15:00:00+00:00,61496.25,61643.73,61336.73,61578.75,5584
2026-05-21T16:00:00+00:00,61578.75,61701.25,61563.73,61638.74,3227
2026-05-21T17:00:00+00:00,61638.74,62331.24,61636.74,62231.23,7275
2026-05-21T18:00:00+00:00,62231.23,62286.25,61946.74,62021.25,5853
2026-05-21T19:00:00+00:00,62021.25,62201.24,62011.23,62151.75,3496
2026-05-21T20:00:00+00:00,62151.75,62218.75,62063.73,62063.73,642
2026-05-21T22:00:00+00:00,62063.73,62189.14,62063.73,62157.14,435
2026-05-21T23:00:00+00:00,62157.14,62382.15,62032.13,62362.14,1423
2026-05-22T00:00:00+00:00,62362.14,62926.65,62297.15,62872.15,9111
2026-05-22T01:00:00+00:00,62872.15,63026.63,62782.13,62962.15,5619
2026-05-22T02:00:00+00:00,62962.15,63166.65,62952.14,63076.65,2282
2026-05-22T03:00:00+00:00,63076.65,63386.64,63032.14,63366.64,2103
2026-05-22T04:00:00+00:00,63366.64,63426.65,63257.13,63357.13,2088
2026-05-22T05:00:00+00:00,63357.13,63431.65,63202.13,63214.14,2344
2026-05-22T06:00:00+00:00,63214.14,63471.65,63147.14,63229.14,3282
2026-05-22T07:00:00+00:00,63229.14,63281.64,63094.13,63244.14,1667
2026-05-22T08:00:00+00:00,63244.14,63381.64,63074.13,63114.13,4258
2026-05-22T09:00:00+00:00,63114.13,63116.65,62994.13,63021.64,2643
2026-05-22T10:00:00+00:00,63021.64,63029.15,62841.64,62946.64,2597
2026-05-22T11:00:00+00:00,62946.64,63089.14,62914.13,63069.15,2349
2026-05-22T12:00:00+00:00,63069.15,63371.65,63061.63,63286.63,4977
2026-05-22T13:00:00+00:00,63286.63,63426.65,63181.63,63351.64,6181
2026-05-22T14:00:00+00:00,63351.64,63514.15,63159.13,63439.13,4991
2026-05-22T15:00:00+00:00,63439.13,63579.13,63424.15,63516.64,2217
2026-05-22T16:00:00+00:00,63516.64,63601.63,63481.63,63589.13,1879
2026-05-22T17:00:00+00:00,63589.13,63776.65,63547.15,63626.64,3593.8568207440812
2026-05-22T18:00:00+00:00,63626.64,63636.63,63504.13,63536.63,1528
2026-05-22T19:00:00+00:00,63536.63,63536.64,63256.65,63299.63,2937
2026-05-22T20:00:00+00:00,63299.63,63354.13,63169.64,63309.14,912
2026-05-24T22:00:00+00:00,63306.64,64185.24,63306.64,64100.23,977
2026-05-24T23:00:00+00:00,64100.23,64199.74,63910.23,64000.25,2427
2026-05-25T00:00:00+00:00,64000.25,65284.75,63790.23,65124.75,9658
2026-05-25T01:00:00+00:00,65124.75,65409.74,65090.23,65365.24,5067
2026-05-25T02:00:00+00:00,65365.24,65379.75,65015.24,65200.23,2838
2026-05-25T03:00:00+00:00,65200.23,65349.75,65070.25,65260.25,3475
2026-05-25T04:00:00+00:00,65260.25,65379.74,65235.23,65327.23,2062
2026-05-25T05:00:00+00:00,65327.23,65379.75,65145.25,65154.73,1889
2026-05-25T06:00:00+00:00,65154.73,65362.25,65120.23,65199.73,2626
2026-05-25T07:00:00+00:00,65199.73,65254.74,64915.23,65209.73,1999
2026-05-25T08:00:00+00:00,65209.73,65267.23,65085.23,65212.25,1670
2026-05-25T09:00:00+00:00,65212.25,65289.75,65185.23,65264.73,887
2026-05-25T10:00:00+00:00,65264.73,65389.73,65254.73,65344.75,952
2026-05-25T11:00:00+00:00,65344.75,65374.75,65265.23,65277.23,1066
2026-05-25T12:00:00+00:00,65277.23,65389.74,65200.25,65274.75,1258
2026-05-25T13:00:00+00:00,65274.75,65504.75,65260.23,65467.24,1207
2026-05-25T14:00:00+00:00,65467.24,65507.23,65384.73,65397.25,1442
2026-05-25T15:00:00+00:00,65397.25,65664.75,65337.24,65384.74,2790
2026-05-25T16:00:00+00:00,65384.74,65492.24,65357.23,65484.75,797.1536388140162
2026-05-25T17:00:00+00:00,65484.75,65507.130000000005,65425.3,65435.5,279.7627494985345
2026-05-25T18:00:00+00:00,65435.5,65469.00000000001,65431.8,65463.5,273.5410723849209
2026-05-25T19:00:00+00:00,65463.5,65487.2,65438.9,65481.49999999999,475.7656369331496
2026-05-25T20:00:00+00:00,65475.23,65475.25,65475.23,65475.24,2
2026-05-25T22:00:00+00:00,65475.24,65475.24,65310.91,65355.41,537
2026-05-25T23:00:00+00:00,65355.41,65425.43,65150.91,65365.93,1997
2026-05-26T00:00:00+00:00,65365.93,65400.92,64620.92,64980.92,12098
2026-05-26T01:00:00+00:00,64980.92,65190.43,64700.91,64995.91,8903
2026-05-26T02:00:00+00:00,64995.91,65035.42,64850.91,64910.43,4459
2026-05-26T03:00:00+00:00,64910.43,65110.43,64865.91,65095.93,3087
2026-05-26T04:00:00+00:00,65095.93,65155.42,64950.92,64960.92,3124
2026-05-26T05:00:00+00:00,64960.92,65130.41,64820.91,64910.92,4052
2026-05-26T06:00:00+00:00,64910.92,65147.92,64855.93,65105.43,3075
2026-05-26T07:00:00+00:00,65105.43,65130.43,64810.91,64970.43,2128
2026-05-26T08:00:00+00:00,64970.43,65205.42,64960.93,65182.91,2508
2026-05-26T09:00:00+00:00,65182.91,65442.93,65165.41,65405.41,2485
2026-05-26T10:00:00+00:00,65405.41,65627.91,65375.41,65495.41,2129
2026-05-26T11:00:00+00:00,65495.41,65542.93,65330.42,65502.93,2233
2026-05-26T12:00:00+00:00,65502.93,65572.93,65395.41,65490.42,1668
2026-05-26T13:00:00+00:00,65490.42,65605.42,65382.93,65430.93,4799
2026-05-26T14:00:00+00:00,65430.93,65575.43,65372.92,65537.93,3806
2026-05-26T15:00:00+00:00,65537.93,65555.43,65222.93,65302.92,5431
2026-05-26T16:00:00+00:00,65302.92,65417.91,65270.42,65307.92,2716
2026-05-26T17:00:00+00:00,65307.92,65417.93,65302.92,65405.43,1711
2026-05-26T18:00:00+00:00,65405.43,65545.42,65375.42,65492.91,1248
2026-05-26T19:00:00+00:00,65492.91,65655.41,65467.93,65622.91,1251
2026-05-26T20:00:00+00:00,65622.91,65627.92,65510.41,65510.41,628.2709899749374
2026-05-26T22:00:00+00:00,65510.41,65564.24,65467.24,65492.24,387
2026-05-26T23:00:00+00:00,65492.24,66237.26,65492.24,66237.24,2083
2026-05-27T00:00:00+00:00,66237.24,66496.76,65572.26,65787.25,12692
2026-05-27T01:00:00+00:00,65787.25,66176.74,65617.24,65617.25,6570
2026-05-27T02:00:00+00:00,65617.25,65956.74,65527.24,65876.74,3463
2026-05-27T03:00:00+00:00,65876.74,65971.75,65602.24,65661.76,2750
2026-05-27T04:00:00+00:00,65661.76,65691.76,65272.24,65311.76,3817
2026-05-27T05:00:00+00:00,65311.76,65441.75,65202.24,65337.26,4057
2026-05-27T06:00:00+00:00,65337.26,65366.76,64937.26,65041.75,4106
2026-05-27T07:00:00+00:00,65041.75,65296.75,65041.75,65284.26,1240
2026-05-27T08:00:00+00:00,65284.26,65366.75,65117.24,65291.75,3484
2026-05-27T09:00:00+00:00,65291.75,65399.26,65244.25,65361.75,1914
2026-05-27T10:00:00+00:00,65361.75,65449.26,65262.24,65344.24,1640
2026-05-27T11:00:00+00:00,65344.24,65429.26,65254.25,65259.25,2202
2026-05-27T12:00:00+00:00,65259.25,65581.76,65209.26,65391.74,5128
2026-05-27T13:00:00+00:00,65391.74,65436.76,64979.24,65174.24,6455
2026-05-27T14:00:00+00:00,65174.24,65191.75,64747.24,64964.26,8085
2026-05-27T15:00:00+00:00,64964.26,65051.74,64762.26,64896.75,4845
2026-05-27T16:00:00+00:00,64896.75,65136.75,64856.75,65041.74,2238
2026-05-27T17:00:00+00:00,65041.74,65076.76,64887.26,65024.24,2376
2026-05-27T18:00:00+00:00,65024.24,65147.270000000004,65000.25,65134.770000000004,833.610278372591
2026-05-27T19:00:00+00:00,65134.770000000004,65219.770000000004,65119.770000000004,65177.26,1119
2026-05-27T20:00:00+00:00,65177.26,65264.770000000004,65155.25,65254.770000000004,389.18283582089555
2026-05-27T22:00:00+00:00,65256.76,65293.54,65088.53,65158.54,421
2026-05-27T23:00:00+00:00,65158.54,65228.03,64618.54,64643.53,1806.5588705380928
2026-05-28T00:00:00+00:00,64643.53,65168.53,64478.52,65133.52,10896
2026-05-28T01:00:00+00:00,65133.52,65158.54,64803.52,65088.53,7133
2026-05-28T02:00:00+00:00,65088.53,65168.03,64868.52,64868.53,4308
2026-05-28T03:00:00+00:00,64868.53,64938.04,64108.52,64228.04,8090
2026-05-28T04:00:00+00:00,64228.04,64238.02,63878.53,63998.52,6830
2026-05-28T05:00:00+00:00,63998.52,64698.02,63948.52,64573.53,5346
2026-05-28T06:00:00+00:00,64573.53,64735.53,64425.54,64518.03,2988
2026-05-28T07:00:00+00:00,64518.03,64680.52,64508.52,64663.03,1885
2026-05-28T08:00:00+00:00,64663.03,64728.04,64528.53,64640.52,3553
2026-05-28T09:00:00+00:00,64640.52,64720.52,64535.52,64660.52,2249
2026-05-28T10:00:00+00:00,64660.52,64675.52,64340.54,64403.04,2746
2026-05-28T11:00:00+00:00,64403.04,64525.54,64363.02,64500.54,2466
2026-05-28T12:00:00+00:00,64500.54,64858.04,64493.02,64853.03,2515
2026-05-28T13:00:00+00:00,64853.03,64955.53,64733.03,64838.54,4291
2026-05-28T14:00:00+00:00,64838.54,65580.54,64828.53,65320.53,10772
2026-05-28T15:00:00+00:00,65320.53,65655.54,65303.03,65615.52,2851
2026-05-28T16:00:00+00:00,65615.52,65868.04,65593.02,65858.04,1967
2026-05-28T17:00:00+00:00,65858.04,65895.52,65813.03,65865.52,1277
2026-05-28T18:00:00+00:00,65865.52,65880.53,65675.52,65715.54,1276
2026-05-28T19:00:00+00:00,65715.54,65758.04,65665.52,65725.52,1083
2026-05-28T20:00:00+00:00,65725.52,65830.53,65683.52,65775.53,565.3482467301244
2026-05-28T22:00:00+00:00,65780.53,65784.91,65689.9,65704.9,171
2026-05-28T23:00:00+00:00,65704.9,65879.41,65539.89,65744.91,1545.0439943238
2026-05-29T00:00:00+00:00,65744.91,66034.41,65579.89,65694.89,9642
2026-05-29T01:00:00+00:00,65694.89,66049.41,65674.89,65874.91,5951
2026-05-29T02:00:00+00:00,65874.91,66134.41,65804.89,66029.41,2511
2026-05-29T03:00:00+00:00,66029.41,66209.4,66014.91,66149.41,2707
2026-05-29T04:00:00+00:00,66149.41,66419.39,66129.9,66314.4,2486
2026-05-29T05:00:00+00:00,66314.4,66479.4,66299.89,66429.9,2629
2026-05-29T06:00:00+00:00,66429.9,66524.41,66229.4,66464.39,3854
2026-05-29T07:00:00+00:00,66464.39,66551.9,66219.4,66379.41,1463
2026-05-29T08:00:00+00:00,66379.41,66429.41,66099.9,66384.4,2973
2026-05-29T09:00:00+00:00,66384.4,66649.39,66366.9,66431.91,3352
2026-05-29T10:00:00+00:00,66431.91,66434.39,66259.39,66376.89,2307
2026-05-29T11:00:00+00:00,66376.89,66404.41,66174.39,66331.89,2784
2026-05-29T12:00:00+00:00,66331.89,66444.39,66159.89,66376.9,2150
2026-05-29T13:00:00+00:00,66376.9,66389.4,66176.89,66234.41,3481
2026-05-29T14:00:00+00:00,66234.41,66364.39,66046.89,66214.41,7886
2026-05-29T15:00:00+00:00,66214.41,66429.41,66141.91,66164.4,4990
2026-05-29T16:00:00+00:00,66164.4,66326.91,66151.91,66231.89,1844
2026-05-29T17:00:00+00:00,66231.89,66321.89,66069.89,66076.87999999999,1799.4294316346013
2026-05-29T18:00:00+00:00,66076.87999999999,66269.37999999999,66066.87,66151.87999999999,2104
2026-05-29T19:00:00+00:00,66151.87999999999,66304.37999999999,66136.89,66184.89,1854
2026-05-29T20:00:00+00:00,66184.89,66294.39,66179.89,66209.87999999999,514
2026-05-31T22:00:00+00:00,66209.9,66753.44,66038.44,66487.95,784
2026-05-31T23:00:00+00:00,66487.95,66513.46,66218.44,66313.46,1776.6616491724253
2026-06-01T00:00:00+00:00,66313.46,66962.95,66298.44,66808.44,9331
2026-06-01T01:00:00+00:00,66808.44,67225.44,66768.44,67033.45,5150
2026-06-01T02:00:00+00:00,67033.45,67082.96,66858.45,66903.44,3165
2026-06-01T03:00:00+00:00,66903.44,67132.96,66673.44,66723.46,3793
2026-06-01T04:00:00+00:00,66723.46,66967.96,66698.44,66890.45,3304
2026-06-01T05:00:00+00:00,66890.45,66995.46,66633.44,66953.44,3227
2026-06-01T06:00:00+00:00,66953.44,67152.95,66915.45,67045.44,2844
2026-06-01T07:00:00+00:00,67045.44,67257.96,66942.94,67115.45,1867
2026-06-01T08:00:00+00:00,67115.45,67182.95,66920.45,67052.95,2880
2026-06-01T09:00:00+00:00,67052.95,67102.96,66827.94,66860.46,2079
2026-06-01T10:00:00+00:00,66860.46,66997.96,66845.45,66965.46,1682
2026-06-01T11:00:00+00:00,66965.46,67040.46,66892.94,66995.45,1809
2026-06-01T12:00:00+00:00,66995.45,67282.96,66917.96,67180.45,2884
2026-06-01T13:00:00+00:00,67180.45,67190.44,66528.45,66528.46,13985
2026-06-01T14:00:00+00:00,66528.46,66777.96,66508.44,66612.95,7824
2026-06-01T15:00:00+00:00,66612.95,67102.96,66563.44,66923.44,4377
2026-06-01T16:00:00+00:00,66923.44,67145.44,66843.45,67127.94,2555
2026-06-01T17:00:00+00:00,67127.94,67610.46,67083.44,67487.96,3934
2026-06-01T18:00:00+00:00,67487.96,67502.94,67400.44,67415.44,657
2026-06-01T19:00:00+00:00,67415.44,67417.96,67263.44,67287.95,1029.319124423963
2026-06-01T20:00:00+00:00,67287.95,67352.96,67193.44,67225.44,592.0542740841248
2026-06-01T22:00:00+00:00,67230.44,67284.64,67109.64,67139.66,573
2026-06-01T23:00:00+00:00,67139.66,67224.14,66864.65,67149.65,1679
2026-06-02T00:00:00+00:00,67149.65,67179.65,65994.64,66049.64,12067
2026-06-02T01:00:00+00:00,66049.64,66434.16,65779.64,65789.64,10041
2026-06-02T02:00:00+00:00,65789.64,65944.16,65654.64,65849.65,5557
2026-06-02T03:00:00+00:00,65849.65,65941.66,65564.65,65899.66,7263
2026-06-02T04:00:00+00:00,65899.66,66289.16,65854.64,66284.14,4126
2026-06-02T05:00:00+00:00,66284.14,66706.64,66284.14,66609.65,3527
2026-06-02T06:00:00+00:00,66609.65,66799.65,66529.66,66756.66,3980
2026-06-02T07:00:00+00:00,66756.66,66931.64,66751.65,66916.66,1558
2026-06-02T08:00:00+00:00,66916.66,66969.15,66776.65,66846.66,2995
2026-06-02T09:00:00+00:00,66846.66,66871.66,66696.66,66866.66,2261
2026-06-02T10:00:00+00:00,66866.66,66866.66,66771.65,66771.65,1433
2026-06-02T11:00:00+00:00,66771.65,66826.64,66691.65,66761.66,1653
2026-06-02T12:00:00+00:00,66761.66,66936.65,66759.15,66834.14,2568
2026-06-02T13:00:00+00:00,66834.14,66951.66,66686.64,66894.64,5538
2026-06-02T14:00:00+00:00,66894.64,67239.16,66864.66,67224.14,4337
2026-06-02T15:00:00+00:00,67224.14,67394.15,67196.64,67376.66,2349
2026-06-02T16:00:00+00:00,67376.66,67439.16,67226.64,67311.65,2009
2026-06-02T17:00:00+00:00,67311.65,67349.14,67246.64,67286.66,1471
2026-06-02T18:00:00+00:00,67286.66,67376.65,67276.64,67361.64,1057
2026-06-02T19:00:00+00:00,67361.64,67526.65,67361.64,67521.66,897
2026-06-02T20:00:00+00:00,67521.66,67594.16,67469.65,67494.14,591.8875983024998
2026-06-02T22:00:00+00:00,67494.14,67494.14,67366.01,67386.01,570
2026-06-02T23:00:00+00:00,67386.01,67741.03,66841.03,67716.02,3324
2026-06-03T00:00:00+00:00,67716.02,68235.53,67401.03,68226.03,11733
2026-06-03T01:00:00+00:00,68226.03,68285.52,68066.01,68261.03,6466
2026-06-03T02:00:00+00:00,68261.03,68578.02,68246.02,68510.51,2524
2026-06-03T03:00:00+00:00,68510.51,68735.53,68431.01,68591.03,2105
2026-06-03T04:00:00+00:00,68591.03,68775.52,68516.01,68565.53,2112
2026-06-03T05:00:00+00:00,68565.53,68755.52,68521.01,68675.51,2033
2026-06-03T06:00:00+00:00,68675.51,68778.02,68401.01,68563.01,3465
2026-06-03T07:00:00+00:00,68563.01,68700.52,68433.01,68588.02,1527
2026-06-03T08:00:00+00:00,68588.02,68615.52,68315.53,68431.02,4382
2026-06-03T09:00:00+00:00,68431.02,68670.51,68386.01,68506.01,2787
2026-06-03T10:00:00+00:00,68506.01,68735.51,68421.01,68476.03,3947
2026-06-03T11:00:00+00:00,68476.03,68535.53,68401.01,68490.52,1634
2026-06-03T12:00:00+00:00,68490.52,68515.53,68221.01,68301.01,2205
2026-06-03T13:00:00+00:00,68301.01,68425.52,67956.01,68091.02,5306
2026-06-03T14:00:00+00:00,68091.02,68290.52,68076.02,68225.53,7977
2026-06-03T15:00:00+00:00,68225.53,68313.03,68098.01,68135.51,7050
2026-06-03T16:00:00+00:00,68135.51,68213.01,67990.53,68213.01,4302
2026-06-03T17:00:00+00:00,68213.01,68305.53,68075.52,68293.02,2572
2026-06-03T18:00:00+00:00,68293.02,68403.03,68280.52,68298.03,2185.9893089457073
2026-06-03T19:00:00+00:00,68298.03,68348.03,68196.02,68225.52,3299
2026-06-03T20:00:00+00:00,68225.52,68253.01,67981.01,68095.51,3061
2026-06-03T22:00:00+00:00,68100.51,68100.51,67282.09,67392.08,1465
2026-06-03T23:00:00+00:00,67392.08,67852.1,67152.1,67612.1,4272
2026-06-04T00:00:00+00:00,67612.1,67886.6,67227.08,67262.09,14031
2026-06-04T01:00:00+00:00,67262.09,67456.6,67087.08,67171.6,6540
2026-06-04T02:00:00+00:00,67171.6,67191.6,66927.1,67186.58,3533
2026-06-04T03:00:00+00:00,67186.58,67479.09,67177.09,67261.6,3616
2026-06-04T04:00:00+00:00,67261.6,67491.6,67192.08,67392.1,5272
2026-06-04T05:00:00+00:00,67392.1,67506.6,67252.1,67377.09,5924
2026-06-04T06:00:00+00:00,67377.09,67736.6,67264.08,67664.08,3974
2026-06-04T07:00:00+00:00,67664.08,67774.09,67636.59,67691.6,1617
2026-06-04T08:00:00+00:00,67691.6,67741.6,67262.08,67279.1,4852
2026-06-04T09:00:00+00:00,67279.1,67521.6,67054.09,67504.09,4396
2026-06-04T10:00:00+00:00,67504.09,67511.58,67131.6,67251.58,3210
2026-06-04T11:00:00+00:00,67251.58,67389.1,67114.1,67369.1,5819
2026-06-04T12:00:00+00:00,67369.1,67449.09,67212.09,67381.59,4175
2026-06-04T13:00:00+00:00,67381.59,67429.09,67091.58,67151.6,8448
2026-06-04T14:00:00+00:00,67151.6,67241.59,66911.59,67114.1,9869
2026-06-04T15:00:00+00:00,67114.1,67374.1,67089.08,67304.08,4760
2026-06-04T16:00:00+00:00,67304.08,67544.09,67281.59,67509.08,2529
2026-06-04T17:00:00+00:00,67509.08,67636.59,67474.1,67626.6,1481
2026-06-04T18:00:00+00:00,67626.6,67784.1,67611.58,67759.09,1469
2026-06-04T19:00:00+00:00,67759.09,67889.09,67711.6,67746.58,1800
2026-06-04T20:00:00+00:00,67746.58,67756.58,67582.09,67611.58,1061
2026-06-04T22:00:00+00:00,67611.58,67653.57,67448.56,67533.56,611
2026-06-04T23:00:00+00:00,67533.56,67578.08,66943.56,66973.57,2120
2026-06-05T00:00:00+00:00,66973.57,66973.58,66153.58,66293.56,9984
2026-06-05T01:00:00+00:00,66293.56,66523.08,65863.56,66503.56,8221
2026-06-05T02:00:00+00:00,66503.56,66708.08,66368.58,66518.08,4361
2026-06-05T03:00:00+00:00,66518.08,66598.08,66298.57,66398.56,5246
2026-06-05T04:00:00+00:00,66398.56,66738.08,66313.56,66688.57,3855
2026-06-05T05:00:00+00:00,66688.57,66823.08,66508.56,66553.56,4098
2026-06-05T06:00:00+00:00,66553.56,66753.07,66530.56,66635.57,4082
2026-06-05T07:00:00+00:00,66635.57,66693.06,66440.56,66658.06,3007
2026-06-05T08:00:00+00:00,66658.06,66978.08,66470.57,66925.58,5341
2026-06-05T09:00:00+00:00,66925.58,67160.56,66898.07,66910.57,4639
2026-06-05T10:00:00+00:00,66910.57,67053.08,66880.58,66880.58,1639
2026-06-05T11:00:00+00:00,66880.58,66918.08,66668.57,66745.57,2745
2026-06-05T12:00:00+00:00,66745.57,66778.58,66438.07,66448.08,5372
2026-06-05T13:00:00+00:00,66448.08,66450.57,65833.08,65840.56,11511
2026-06-05T14:00:00+00:00,65840.56,66065.58,65708.06,65915.56,13505
2026-06-05T15:00:00+00:00,65915.56,65943.07,65378.58,65408.07,8604
2026-06-05T16:00:00+00:00,65408.07,65408.07,65008.57,65253.06,8721
2026-06-05T17:00:00+00:00,65253.06,65260.57,64973.57,65171.090000000004,6928.669423766198
2026-06-05T18:00:00+00:00,65171.090000000004,65188.58,64394.08,64451.07,8886
2026-06-05T19:00:00+00:00,64451.07,64453.590000000004,63784.07,63998.590000000004,17117
2026-06-05T20:00:00+00:00,63998.590000000004,64033.58,63469.07,63698.58,4907
2026-06-07T22:00:00+00:00,63703.07,64152.69,63387.69,63602.69,2254
2026-06-07T23:00:00+00:00,63602.69,64219.7,63537.69,63797.7,5705
2026-06-08T00:00:00+00:00,63797.7,64732.18,63542.68,64247.7,20388
2026-06-08T01:00:00+00:00,64247.7,64282.18,63392.68,63922.7,29165
2026-06-08T02:00:00+00:00,63922.7,64327.2,63762.68,64162.69,16919
2026-06-08T03:00:00+00:00,64162.69,64257.2,64027.68,64192.2,9333
2026-06-08T04:00:00+00:00,64192.2,64242.18,63792.68,63832.69,10623
2026-06-08T05:00:00+00:00,63832.69,64037.2,63432.69,63692.7,12745
2026-06-08T06:00:00+00:00,63692.7,64112.2,63577.68,63909.7,8817
2026-06-08T07:00:00+00:00,63909.7,64482.18,63862.68,64384.7,5345
2026-06-08T08:00:00+00:00,64384.7,64414.7,64102.68,64237.7,9492
2026-06-08T09:00:00+00:00,64237.7,64477.2,64097.68,64457.68,7532
2026-06-08T10:00:00+00:00,64457.68,64622.7,64222.7,64427.68,6218
2026-06-08T11:00:00+00:00,64427.68,65102.19,64342.68,64887.69,9690
2026-06-08T12:00:00+00:00,64887.69,65479.7,64872.68,65407.69,5901
2026-06-08T13:00:00+00:00,65407.69,65692.2,65317.68,65387.2,15463
2026-06-08T14:00:00+00:00,65387.2,65744.7,65297.68,65732.69,15008
2026-06-08T15:00:00+00:00,65732.69,65902.19,65607.68,65709.7,7494
2026-06-08T16:00:00+00:00,65709.7,65869.69,65612.68,65672.19,6256
2026-06-08T17:00:00+00:00,65672.19,65677.2,65377.68,65562.7,10225
2026-06-08T18:00:00+00:00,65562.7,65777.2,65562.68,65657.2,8120
2026-06-08T19:00:00+00:00,65657.2,65687.18,65397.69,65557.18,8854
2026-06-08T20:00:00+00:00,65557.18,65577.2,65417.68,65454.7,1340
2026-06-08T22:00:00+00:00,65454.7,65494.18,65219.17,65384.16,1031
2026-06-08T23:00:00+00:00,65384.16,65594.17,64689.16,65144.18,3739
2026-06-09T00:00:00+00:00,65144.18,65149.18,63904.16,64069.16,20793
2026-06-09T01:00:00+00:00,64069.16,64793.68,63949.16,64474.18,19384
2026-06-09T02:00:00+00:00,64474.18,64718.68,64439.18,64659.18,10795
2026-06-09T03:00:00+00:00,64659.18,65258.66,64604.16,65199.17,9210
2026-06-09T04:00:00+00:00,65199.17,65428.67,65119.16,65274.18,6877
2026-06-09T05:00:00+00:00,65274.18,65471.18,65169.16,65274.17,7618
2026-06-09T06:00:00+00:00,65274.17,65603.68,65103.66,65579.16,5924
2026-06-09T07:00:00+00:00,65579.16,65748.67,65384.16,65503.66,4269
2026-06-09T08:00:00+00:00,65503.66,65793.68,65444.17,65606.17,6123
2026-06-09T09:00:00+00:00,65606.17,65688.68,65479.16,65643.66,3309
2026-06-09T10:00:00+00:00,65643.66,65736.18,65474.17,65618.67,3458
2026-06-09T11:00:00+00:00,65618.67,65728.68,65518.67,65538.66,2290
2026-06-09T12:00:00+00:00,65538.66,65783.68,65519.17,65778.67,2953
2026-06-09T13:00:00+00:00,65778.67,66101.18,65708.66,65909.18,8949
2026-06-09T14:00:00+00:00,65909.18,65978.67,64789.16,65183.66,25603
2026-06-09T15:00:00+00:00,65183.66,65248.68,64279.17,64301.18,27803
2026-06-09T16:00:00+00:00,64301.18,64443.68,63089.17,63491.16,37781
2026-06-09T17:00:00+00:00,63491.16,64373.68,63484.16,64199.17,25444
2026-06-09T18:00:00+00:00,64199.17,64668.68,64104.16,64624.18,18704
2026-06-09T19:00:00+00:00,64624.18,64724.17,64174.17,64499.17,22210
2026-06-09T20:00:00+00:00,64499.17,64568.68,64354.17,64438.67,3722
2026-06-09T22:00:00+00:00,64438.67,64438.67,63950.26,64135.28,1246
2026-06-09T23:00:00+00:00,64135.28,64465.27,63995.26,64450.27,3080.8026460176616
2026-06-10T00:00:00+00:00,64450.27,65084.78,64355.26,64840.28,20316
2026-06-10T01:00:00+00:00,64840.28,65070.26,64625.27,64664.77,13742
2026-06-10T02:00:00+00:00,64664.77,64814.78,64550.26,64595.26,9062
2026-06-10T03:00:00+00:00,64595.26,64809.78,64365.27,64485.27,10177
2026-06-10T04:00:00+00:00,64485.27,64519.77,63765.27,63895.26,11042
2026-06-10T05:00:00+00:00,63895.26,64210.28,63730.27,64165.28,12472
2026-06-10T06:00:00+00:00,64165.28,64384.76,64145.27,64317.26,4985
2026-06-10T07:00:00+00:00,64317.26,64414.77,64175.27,64299.78,3596
2026-06-10T08:00:00+00:00,64299.78,64312.28,63579.76,63629.76,9990
2026-06-10T09:00:00+00:00,63629.76,63827.27,63407.28,63769.76,8454
2026-06-10T10:00:00+00:00,63769.76,63899.78,63490.26,63829.77,7536
2026-06-10T11:00:00+00:00,63829.77,63857.27,63165.27,63422.26,12731
2026-06-10T12:00:00+00:00,63422.26,64414.76,63397.27,64002.27,14379
2026-06-10T13:00:00+00:00,64002.27,64659.78,63872.26,64469.77,22837
2026-06-10T14:00:00+00:00,64469.77,64834.78,64080.28,64194.78,23288
2026-06-10T15:00:00+00:00,64194.78,64354.78,63290.26,63759.76,26246
2026-06-10T16:00:00+00:00,63759.76,63949.77,63590.26,63680.28,18764
2026-06-10T17:00:00+00:00,63680.28,63829.78,63430.27,63784.77,16701
2026-06-10T18:00:00+00:00,63784.77,63954.77,63495.26,63565.28,11781
2026-06-10T19:00:00+00:00,63565.28,63649.76,63300.28,63310.26,13003
2026-06-10T20:00:00+00:00,63310.26,63322.27,63105.28,63197.26,1887.4202979751408
2026-06-10T22:00:00+00:00,63199.76,63199.76,62797.99,62797.99,977
2026-06-10T23:00:00+00:00,62797.99,63160.51,62475.5,62615.5,3646.976267420723
2026-06-11T00:00:00+00:00,62615.5,63650.5,62330.51,63425.49,28284
2026-06-11T01:00:00+00:00,63425.49,64180.5,63420.51,63610.49,19362
2026-06-11T02:00:00+00:00,63610.49,63915,63195.49,63630.5,15476
2026-06-11T03:00:00+00:00,63630.5,64230.01,63510.49,64225.51,11655
2026-06-11T04:00:00+00:00,64225.51,64402.51,63955.49,64300.49,9384
2026-06-11T05:00:00+00:00,64300.49,64320.51,64045.5,64145.49,8209
2026-06-11T06:00:00+00:00,64145.49,64380,63990.49,64354.99,6494
2026-06-11T07:00:00+00:00,64354.99,64604.99,64315.49,64465,3654
2026-06-11T08:00:00+00:00,64465,64900,64449.99,64667.5,5197
2026-06-11T09:00:00+00:00,64667.5,64732.5,64502.49,64645,4096
2026-06-11T10:00:00+00:00,64645,64717.5,64544.99,64592.51,3516
2026-06-11T11:00:00+00:00,64592.51,64677.5,64415.5,64609.99,4821
2026-06-11T12:00:00+00:00,64609.99,64692.51,63940.5,64375.01,12652
2026-06-11T13:00:00+00:00,64375.01,65010,64225.49,64902.49,15801
2026-06-11T14:00:00+00:00,64902.49,65080.01,64337.5,64395,21950
2026-06-11T15:00:00+00:00,64395,64840.01,64277.49,64742.49,17705
2026-06-11T16:00:00+00:00,64742.49,64929.99,64604.99,64607.5,11469
2026-06-11T17:00:00+00:00,64607.5,65945,64385,65777.49,22454
2026-06-11T18:00:00+00:00,65777.49,65845,65450.5,65755.01,14107
2026-06-11T19:00:00+00:00,65755.01,66305.01,65735.5,66245,12273
2026-06-11T20:00:00+00:00,66245,66595.49,66205.49,66379.99,3160
2026-06-11T22:00:00+00:00,66377.49,66662.99,66358,66572.99,1087
2026-06-11T23:00:00+00:00,66572.99,66978.01,66318,66807.99,4205
2026-06-12T00:00:00+00:00,66807.99,67062.51,66367.99,66763.01,16556
2026-06-12T01:00:00+00:00,66763.01,66763.01,65838,66648.01,10929
2026-06-12T02:00:00+00:00,66648.01,66760.01,66382.99,66517.99,8004
2026-06-12T03:00:00+00:00,66517.99,66557.5,66173,66513.01,9237
2026-06-12T04:00:00+00:00,66513.01,66652.51,66328,66578.01,7906
2026-06-12T05:00:00+00:00,66578.01,66672.5,65972.99,65993.01,14158
2026-06-12T06:00:00+00:00,65993.01,66187.51,65888.01,66017.99,6433
2026-06-12T07:00:00+00:00,66017.99,66453.01,65845,66298.01,4046
2026-06-12T08:00:00+00:00,66298.01,66688.01,66242.99,66593.01,9787
2026-06-12T09:00:00+00:00,66593.01,66957.51,66592.99,66827.99,7366
2026-06-12T10:00:00+00:00,66827.99,66902.51,66572.99,66798,6329
2026-06-12T11:00:00+00:00,66798,67137.51,66798,67002.51,5790
2026-06-12T12:00:00+00:00,67002.51,67022.5,66582.99,66643.01,7695
2026-06-12T13:00:00+00:00,66643.01,66837.49,66332.99,66582.99,16001
2026-06-12T14:00:00+00:00,66582.99,67157.51,66542.99,67132.5,23084
2026-06-12T15:00:00+00:00,67132.5,67345.01,66832.99,66867.49,15117
2026-06-12T16:00:00+00:00,66867.49,67267.51,66763,67218,13608
2026-06-12T17:00:00+00:00,67218,67412.51,67102.99,67158.01,7855.438743038982
2026-06-12T18:00:00+00:00,67158.01,67283.02999999998,67083.51,67173.01999999999,7932
2026-06-12T19:00:00+00:00,67173.01999999999,67270.51999999999,67058.51,67118.51,9486
2026-06-12T20:00:00+00:00,67118.51,67265.51,67103.51,67250.51999999999,827
2026-06-14T22:00:00+00:00,67260,68693.01,67260,68222.99,1407
2026-06-14T23:00:00+00:00,68222.99,68490.01,68082.99,68478.01,3741
2026-06-15T00:00:00+00:00,68478.01,69437.5,68403,69407.99,17228
2026-06-15T01:00:00+00:00,69407.99,69700.01,69222.49,69617.99,14932
2026-06-15T02:00:00+00:00,69617.99,69682.51,69517.51,69612.99,7611
2026-06-15T03:00:00+00:00,69612.99,69717.51,69272.99,69288.01,7512
2026-06-15T04:00:00+00:00,69288.01,69377.51,69172.99,69248.01,6925
2026-06-15T05:00:00+00:00,69248.01,69357.51,69082.99,69327.99,7329
2026-06-15T06:00:00+00:00,69327.99,69487.49,69158.01,69300.01,4242
2026-06-15T07:00:00+00:00,69300.01,69357.49,69182.99,69257.49,2651
2026-06-15T08:00:00+00:00,69257.49,69574.99,69187.99,69327.5,4287
2026-06-15T09:00:00+00:00,69327.5,69402.51,69127.5,69212.51,2763
2026-06-15T10:00:00+00:00,69212.51,69252.51,69135.01,69225,2163
2026-06-15T11:00:00+00:00,69225,69322.51,69165.01,69277.49,2633
2026-06-15T12:00:00+00:00,69277.49,69325,69172.99,69322.49,2857
2026-06-15T13:00:00+00:00,69322.49,69364.99,69072.99,69072.99,9064
2026-06-15T14:00:00+00:00,69072.99,69327.49,69042.49,69247.51,9002
2026-06-15T15:00:00+00:00,69247.51,69592.51,69132.49,69562.51,3841
2026-06-15T16:00:00+00:00,69562.51,69650.01,69532.49,69640,2534
2026-06-15T17:00:00+00:00,69640,69682.51,69597.5,69657.51,2259
2026-06-15T18:00:00+00:00,69657.51,69782.51,69594.99,69717.49,2566
2026-06-15T19:00:00+00:00,69717.49,69735,69602.49,69700.01,3154
2026-06-15T20:00:00+00:00,69700.01,69702.51,69597.99,69652.51,1236
2026-06-15T22:00:00+00:00,69652.51,69658.01,69293,69383.01,655
2026-06-15T23:00:00+00:00,69383.01,69643.01,69363.01,69442.99,1432
2026-06-16T00:00:00+00:00,69442.99,69627.5,69128.01,69243,13508
2026-06-16T01:00:00+00:00,69243,69372.49,69142.99,69232.51,8836
2026-06-16T02:00:00+00:00,69232.51,69333,69118,69233,4295
2026-06-16T03:00:00+00:00,69233,70032.51,69163,69688,6821
2026-06-16T04:00:00+00:00,69688,69827.5,69487.99,69502.99,7576
2026-06-16T05:00:00+00:00,69502.99,69762.51,69327.99,69378,6935
2026-06-16T06:00:00+00:00,69378,69512.49,69253,69417.51,4240
2026-06-16T07:00:00+00:00,69417.51,69717.5,69417.51,69677.5,1782
2026-06-16T08:00:00+00:00,69677.5,69762.49,69527.99,69705,2879
2026-06-16T09:00:00+00:00,69705,69767.51,69457.99,69490,1997
2026-06-16T10:00:00+00:00,69490,69722.51,69483,69697.5,1192
2026-06-16T11:00:00+00:00,69697.5,69784.99,69610,69745.01,2127
2026-06-16T12:00:00+00:00,69745.01,69830.01,69642.99,69667.5,3107
2026-06-16T13:00:00+00:00,69667.5,69965.01,69567.49,69822.5,5617
2026-06-16T14:00:00+00:00,69822.5,70002.51,69402.99,69460.01,12308
2026-06-16T15:00:00+00:00,69460.01,69612.51,69169.99,69335,10989
2026-06-16T16:00:00+00:00,69335,69507.5,69313.01,69370.01,7896
2026-06-16T17:00:00+00:00,69370.01,69417.51,69212.51,69387.5,4593
2026-06-16T18:00:00+00:00,69387.5,69422.51,69244.99,69270,3117
2026-06-16T19:00:00+00:00,69270,69317.51,69068,69097.5,7148
2026-06-16T20:00:00+00:00,69097.5,69097.99,69007.99,69032.49,892.0126126126127
2026-06-16T22:00:00+00:00,69027.49,69143,69027.49,69068.01,438
2026-06-16T23:00:00+00:00,69068.01,69087.51,68782.99,68803.01,1422.142857142857
2026-06-17T00:00:00+00:00,68803.01,69678.01,68793.01,69618.01,10834
2026-06-17T01:00:00+00:00,69618.01,69957.51,69493.01,69893,4401
2026-06-17T02:00:00+00:00,69893,69962.51,69772.99,69883,2124
2026-06-17T03:00:00+00:00,69883,70174.99,69757.99,70158.01,2831
2026-06-17T04:00:00+00:00,70158.01,70174.99,69662.99,69882.99,3921
2026-06-17T05:00:00+00:00,69882.99,70077.51,69867.99,69987.49,3254
2026-06-17T06:00:00+00:00,69987.49,70065,69812.51,69997.5,2310
2026-06-17T07:00:00+00:00,69997.5,70112.5,69943,69972.51,1428
2026-06-17T08:00:00+00:00,69972.51,70022.51,69692.49,69852.5,3171
2026-06-17T09:00:00+00:00,69852.5,69917.5,69779.99,69854.99,2174
2026-06-17T10:00:00+00:00,69854.99,70037.51,69768.01,69937.49,2452
2026-06-17T11:00:00+00:00,69937.49,70037.5,69912.49,69987.51,1892
2026-06-17T12:00:00+00:00,69987.51,70285,69982.5,70235,2380
2026-06-17T13:00:00+00:00,70235,70405,70102.49,70107.51,7492
2026-06-17T14:00:00+00:00,70107.51,70605,70058.01,70383.01,13764
2026-06-17T15:00:00+00:00,70383.01,70672.51,70337.49,70655.01,5434
2026-06-17T16:00:00+00:00,70655.01,70770.01,70632.49,70700,3081
2026-06-17T17:00:00+00:00,70700,70818,70548,70808.01,3970
2026-06-17T18:00:00+00:00,70808.01,70927.51,70002.99,70557.51,32890
2026-06-17T19:00:00+00:00,70557.51,70732.49,69727.99,69823.01,33665
2026-06-17T20:00:00+00:00,69823.01,70007.51,69697.99,69887.5,3451
2026-06-17T22:00:00+00:00,69887.5,70328,69707.99,70218,903
2026-06-17T23:00:00+00:00,70218,70862.49,70168.01,70528,3509
2026-06-18T00:00:00+00:00,70528,71467.51,70352.99,71003.01,25877
2026-06-18T01:00:00+00:00,71003.01,71457.51,70982.99,71163.01,19927
2026-06-18T02:00:00+00:00,71163.01,71297.5,70868,70903.01,8245
2026-06-18T03:00:00+00:00,70903.01,71292.51,70787.99,71278.01,6739
2026-06-18T04:00:00+00:00,71278.01,71408,71088.01,71167.99,7503
2026-06-18T05:00:00+00:00,71167.99,71372.5,71117.99,71212.99,5282
2026-06-18T06:00:00+00:00,71212.99,71355.01,71048,71355.01,5223
2026-06-18T07:00:00+00:00,71355.01,71505.01,71277.99,71502.5,2026
2026-06-18T08:00:00+00:00,71502.5,71652.49,71232.5,71237.49,4395
2026-06-18T09:00:00+00:00,71237.49,71567.51,71187.49,71567.51,2966
2026-06-18T10:00:00+00:00,71567.51,71605,71297.5,71370,2512
2026-06-18T11:00:00+00:00,71370,71392.51,71112.49,71277.49,4704
2026-06-18T12:00:00+00:00,71277.49,71617.51,71244.99,71570,3035
2026-06-18T13:00:00+00:00,71570,71767.51,71447.5,71673,10583
2026-06-18T14:00:00+00:00,71673,71875.01,71607.99,71727.5,10249
2026-06-18T15:00:00+00:00,71727.5,71855.01,71535,71804.99,9936
2026-06-18T16:00:00+00:00,71804.99,72075,71795.01,71972.5,5578
2026-06-18T17:00:00+00:00,71972.5,72117.5,71917.49,72059.99,3302
2026-06-18T18:00:00+00:00,72059.99,72145.01,72015,72117.5,3251
2026-06-18T19:00:00+00:00,72117.5,72135,71894.99,71977.49,4601
2026-06-18T20:00:00+00:00,71977.49,72032.5,71837.99,71900,933
2026-06-18T22:00:00+00:00,71900,71900,71702.99,71797.99,305
2026-06-18T23:00:00+00:00,71797.99,72248,71718.01,72183,1803
2026-06-19T00:00:00+00:00,72183,72183.01,71342.99,71678,18006
2026-06-19T01:00:00+00:00,71678,71832.49,71363,71397.5,9894
2026-06-19T02:00:00+00:00,71397.5,71672.5,71322.99,71503,3789
2026-06-19T03:00:00+00:00,71503,71555,71065.51,71205.51,6661.241730612245
2026-06-19T04:00:00+00:00,71205.51,71310.5,70730.51,70860.51,7023
2026-06-19T05:00:00+00:00,70860.51,71065.5,70820.49,71065.5,7878
2026-06-19T06:00:00+00:00,71065.5,71609.99,71040.49,71560.5,5194
2026-06-19T07:00:00+00:00,71560.5,71750.01,71545.5,71730,1699
2026-06-19T08:00:00+00:00,71730,71897.5,71675.49,71817.49,2821
2026-06-19T09:00:00+00:00,71817.49,71942.49,71770,71889.99,2363
2026-06-19T10:00:00+00:00,71889.99,71940,71635,71680.01,2784
2026-06-19T11:00:00+00:00,71680.01,71795,71560.5,71750.01,3207
2026-06-19T12:00:00+00:00,71750.01,72112.5,71635.49,72084.99,4019
2026-06-19T13:00:00+00:00,72084.99,72145,71977.5,72027.5,3511
2026-06-19T14:00:00+00:00,72027.5,72105.01,71952.5,72060.01,2398
2026-06-19T15:00:00+00:00,72060.01,72095.01,71942.49,71997.49,1933
2026-06-19T16:00:00+00:00,71997.49,72062.51,71900.49,71925.5,1424
2026-06-19T17:00:00+00:00,71925.5,71968.40000000001,71857.3,71905.60000000003,385.40199802340976
2026-06-19T18:00:00+00:00,71905.60000000003,71909.90000000001,71851.30000000002,71854.99999999999,291.7969685384884
2026-06-19T19:00:00+00:00,71854.99999999999,71873.59999999999,71791.89999999998,71811.09999999996,1022.846206884884
2026-06-21T22:00:00+00:00,71928,71928,71158,71598,1139
2026-06-21T23:00:00+00:00,71598,71774.99,71252.99,71327.99,2777
2026-06-22T00:00:00+00:00,71327.99,72578,71292.99,72493,17204
2026-06-22T01:00:00+00:00,72493,72918.01,72468,72843.01,9736
2026-06-22T02:00:00+00:00,72843.01,72967.5,72693,72712.5,3151
2026-06-22T03:00:00+00:00,72712.5,73040,72627.99,72820.49,2737.6281627463445
2026-06-22T04:00:00+00:00,72820.49,72855,72500.49,72735.51,4572
2026-06-22T05:00:00+00:00,72735.51,72815.51,72515.49,72540.51,3480
2026-06-22T06:00:00+00:00,72540.51,72865.01,72495.49,72825.01,3306
2026-06-22T07:00:00+00:00,72825.01,72960,72735.49,72770.51,1869
2026-06-22T08:00:00+00:00,72770.51,72937.5,72560.49,72935,3884
2026-06-22T09:00:00+00:00,72935,73232.51,72905.49,73095.01,3511
2026-06-22T10:00:00+00:00,73095.01,73355,73075.49,73207.51,2683
2026-06-22T11:00:00+00:00,73207.51,73489.99,73207.49,73319.99,3973
2026-06-22T12:00:00+00:00,73319.99,73477.51,73274.99,73277.51,2218
2026-06-22T13:00:00+00:00,73277.51,73620.01,73277.51,73562.49,8194
2026-06-22T14:00:00+00:00,73562.49,73719.99,73060.51,73205.01,12906
2026-06-22T15:00:00+00:00,73205.01,73287.51,72974.99,72995.01,9776
2026-06-22T16:00:00+00:00,72995.01,73180.01,72890.49,73125,6797
2026-06-22T17:00:00+00:00,73125,73129.99,72939.99,73044.99,3249
2026-06-22T18:00:00+00:00,73044.99,73120,72929.99,72942.5,2741
2026-06-22T19:00:00+00:00,72942.5,73127.5,72897.49,73090.5,4378
2026-06-22T20:00:00+00:00,73090.5,73145,73035.49,73050.49,1004.1280494416134
2026-06-22T22:00:00+00:00,73047.99,73187.99,72922.99,72942.99,623
2026-06-22T23:00:00+00:00,72942.99,73042.5,72657.99,72773,2233.754134166142
2026-06-23T00:00:00+00:00,72773,72798,71888,72213.01,21348
2026-06-23T01:00:00+00:00,72213.01,72443.01,71672.99,71678,17261
2026-06-23T02:00:00+00:00,71678,71867.49,71532.99,71638.01,11202
2026-06-23T03:00:00+00:00,71638.01,71667.51,71182.99,71588,12094
2026-06-23T04:00:00+00:00,71588,71692.5,70978.01,71037.99,12201
2026-06-23T05:00:00+00:00,71037.99,71202.51,70218,70318.01,14754
2026-06-23T06:00:00+00:00,70318.01,70477.49,69732.99,69802.5,11657
2026-06-23T07:00:00+00:00,69802.5,70139.99,69492.99,69563,5725
2026-06-23T08:00:00+00:00,69563,69602.49,68913.01,69158,15045
2026-06-23T09:00:00+00:00,69158,69655.01,69147.99,69488.01,8474
2026-06-23T10:00:00+00:00,69488.01,69602.51,69092.99,69207.51,6347
2026-06-23T11:00:00+00:00,69207.51,69397.51,69072.99,69363,6211
2026-06-23T12:00:00+00:00,69363,69412.51,68848,68985,6452
2026-06-23T13:00:00+00:00,68985,69132.51,68392.99,69118.01,20865
2026-06-23T14:00:00+00:00,69118.01,69577.5,69017.99,69158.01,22634
2026-06-23T15:00:00+00:00,69158.01,69317.5,68947.99,69267.99,13190
2026-06-23T16:00:00+00:00,69267.99,69457.51,69247.99,69348,7855
2026-06-23T17:00:00+00:00,69348,69512.5,69148,69157.49,8419
2026-06-23T18:00:00+00:00,69157.49,69297.5,68958,69112.99,8522
2026-06-23T19:00:00+00:00,69112.99,69377.49,69083,69122.51,14053
2026-06-23T20:00:00+00:00,69122.51,69282.51,69077.99,69280,2094
2026-06-23T22:00:00+00:00,69285,69398.01,69127.99,69247.99,1150
2026-06-23T23:00:00+00:00,69247.99,69807.99,69052.99,69698,3819
2026-06-24T00:00:00+00:00,69698,70313.01,69373,69662.49,32184
2026-06-24T01:00:00+00:00,69662.49,69823.01,69228,69698.01,26916
2026-06-24T02:00:00+00:00,69698.01,69903.01,69052.99,69067.51,17042
2026-06-24T03:00:00+00:00,69067.51,69502.51,69003,69218.01,18111
2026-06-24T04:00:00+00:00,69218.01,69267.51,68567.99,69203.01,19638
2026-06-24T05:00:00+00:00,69203.01,69797.51,69198.01,69457.99,15571
2026-06-24T06:00:00+00:00,69457.99,69622.49,69218,69507.99,6929
2026-06-24T07:00:00+00:00,69507.99,69517.51,69182.99,69283.01,4643
2026-06-24T08:00:00+00:00,69283.01,69608.01,69212.99,69533.01,8942
2026-06-24T09:00:00+00:00,69533.01,69585.01,69267.99,69413,6802
2026-06-24T10:00:00+00:00,69413,69767.5,69302.99,69487.99,5752
2026-06-24T11:00:00+00:00,69487.99,69810,69363,69747.99,7289
2026-06-24T12:00:00+00:00,69747.99,69817.51,69464.99,69495.01,5860
2026-06-24T13:00:00+00:00,69495.01,69632.51,69032.99,69458,19021
2026-06-24T14:00:00+00:00,69458,69815.01,69127.99,69754.99,23666
2026-06-24T15:00:00+00:00,69754.99,69789.99,69497.99,69632.51,11302
2026-06-24T16:00:00+00:00,69632.51,69730.01,69377.99,69403.01,9873
2026-06-24T17:00:00+00:00,69403.01,69517.49,68898,69063,13876
2026-06-24T18:00:00+00:00,69063,69412.51,69033,69103,11501
2026-06-24T19:00:00+00:00,69103,69492.51,68932.99,69470.01,14012
2026-06-24T20:00:00+00:00,69470.01,71094.99,69417.99,71075.01,11877
2026-06-24T22:00:00+00:00,71075.01,71378.01,70987.99,71262.99,1140
2026-06-24T23:00:00+00:00,71262.99,71463.01,71072.99,71407.99,4431
2026-06-25T00:00:00+00:00,71407.99,71482.99,70762.99,71168.01,31048
2026-06-25T01:00:00+00:00,71168.01,71880,71087.99,71852.51,16612
2026-06-25T02:00:00+00:00,71852.51,72032.51,71592.99,71972.5,10942
2026-06-25T03:00:00+00:00,71972.5,72182.5,71912.99,72137.99,8066
2026-06-25T04:00:00+00:00,72137.99,72227.51,71892.99,72167.99,6512
2026-06-25T05:00:00+00:00,72167.99,72532.51,72167.99,72473,7164
2026-06-25T06:00:00+00:00,72473,72697.49,72372.51,72397.51,4847
2026-06-25T07:00:00+00:00,72397.51,72602.51,72393,72602.51,1790
2026-06-25T08:00:00+00:00,72602.51,72637.49,72298.01,72347.5,4097
2026-06-25T09:00:00+00:00,72347.5,72585,72343,72457.51,2812
2026-06-25T10:00:00+00:00,72457.51,72532.5,72417.99,72485.01,2052
2026-06-25T11:00:00+00:00,72485.01,72577.01,72287.5,72352.51,3457.0711225364184
2026-06-25T12:00:00+00:00,72352.51,72707.01,72307.49,72612.5,7191
2026-06-25T13:00:00+00:00,72612.5,72642.01,70787.49,70822.51,19168
2026-06-25T14:00:00+00:00,70822.51,71726.99,70822.51,71472,38016
2026-06-25T15:00:00+00:00,71472,71622.01,70952.49,71342.5,24043
2026-06-25T16:00:00+00:00,71342.5,71792.01,71152.49,71287.49,14170
2026-06-25T17:00:00+00:00,71287.49,71522.01,71267.49,71382.5,11660
2026-06-25T18:00:00+00:00,71382.5,71542.01,71112.49,71267.5,12677
2026-06-25T19:00:00+00:00,71267.5,71277.01,70982.49,71276.99,13305
2026-06-25T20:00:00+00:00,71276.99,71507.49,71217.51,71249.5,3051
2026-06-25T22:00:00+00:00,71250,71250,70952.99,71167.99,1012
2026-06-25T23:00:00+00:00,71167.99,71713.01,70797.99,70978.01,4050
2026-06-26T00:00:00+00:00,70978.01,71428.01,70167.99,70353.01,33033
2026-06-26T01:00:00+00:00,70353.01,70713.01,69887.99,70028,26473
2026-06-26T02:00:00+00:00,70028,70107.5,69262.99,69403.01,17524
2026-06-26T03:00:00+00:00,69403.01,69433.01,68777.99,69333.01,20849
2026-06-26T04:00:00+00:00,69333.01,69637.49,68842.99,69018,23274
2026-06-26T05:00:00+00:00,69018,69493.01,68942.99,69223.01,18460
2026-06-26T06:00:00+00:00,69223.01,69852.51,69143.01,69772.51,8109
2026-06-26T07:00:00+00:00,69772.51,69915.01,69482.99,69882.5,3421
2026-06-26T08:00:00+00:00,69882.5,70122.5,69163.01,69207.51,7297
2026-06-26T09:00:00+00:00,69207.51,69520,69157.51,69377.51,6750
2026-06-26T10:00:00+00:00,69377.51,69417.5,69162.99,69302.5,6588
2026-06-26T11:00:00+00:00,69302.5,69417.51,69098,69203,6861
2026-06-26T12:00:00+00:00,69203,69552.51,69127.99,69233,7767
2026-06-26T13:00:00+00:00,69233,69542.51,68932.99,69533,25222
2026-06-26T14:00:00+00:00,69533,70047.49,69502.99,69762.51,24122
2026-06-26T15:00:00+00:00,69762.51,70212.51,69527.99,69978,17374
2026-06-26T16:00:00+00:00,69978,70047.49,69692.99,69983.01,11155
2026-06-26T17:00:00+00:00,69983.01,70132.51,69803.5,69808.51999999999,7768.191072450498
2026-06-26T18:00:00+00:00,69808.51999999999,69868.01999999999,69548.5,69598.51999999999,6425
2026-06-26T19:00:00+00:00,69598.51999999999,69848,69538.5,69693.51,10525
2026-06-26T20:00:00+00:00,69693.51,69753.5,69478.5,69535.5,5292
2026-06-28T22:00:00+00:00,69544.99,70197.4,69544.99,70047.4,714
2026-06-28T23:00:00+00:00,70047.4,70296.89,69772.38,69782.4,2327
2026-06-29T00:00:00+00:00,69782.4,69832.4,68182.38,69091.88,33994
2026-06-29T01:00:00+00:00,69091.88,69334.39,68607.38,69137.38,31184
2026-06-29T02:00:00+00:00,69137.38,69217.39,68617.38,69117.4,11921
2026-06-29T03:00:00+00:00,69117.4,69296.88,68767.38,69232.39,10319
2026-06-29T04:00:00+00:00,69232.39,69241.88,68697.38,68727.38,10753
2026-06-29T05:00:00+00:00,68727.38,69491.89,68612.38,69486.89,15273
2026-06-29T06:00:00+00:00,69486.89,69784.39,69297.38,69661.88,6022
2026-06-29T07:00:00+00:00,69661.88,69831.88,69462.38,69817.39,2923
2026-06-29T08:00:00+00:00,69817.39,70026.89,69777.39,69852.38,5514
2026-06-29T09:00:00+00:00,69852.38,69984.4,69811.88,69901.9,4421
2026-06-29T10:00:00+00:00,69901.9,70111.89,69901.9,70074.4,2534
2026-06-29T11:00:00+00:00,70074.4,70154.4,69946.88,69956.9,3005
2026-06-29T12:00:00+00:00,69956.9,70014.4,69702.39,69917.4,3249
2026-06-29T13:00:00+00:00,69917.4,70006.89,69426.88,69521.9,16135
2026-06-29T14:00:00+00:00,69521.9,69794.4,68779.4,69791.9,29914
2026-06-29T15:00:00+00:00,69791.9,70219.39,69696.88,70206.9,12387
2026-06-29T16:00:00+00:00,70206.9,70504.4,70206.9,70489.4,5039
2026-06-29T17:00:00+00:00,70489.4,70684.38,70484.39,70596.88,3700
2026-06-29T18:00:00+00:00,70596.88,70789.4,70586.88,70714.39,3280
2026-06-29T19:00:00+00:00,70714.39,70849.39,70629.39,70819.39,3646
2026-06-29T20:00:00+00:00,70819.39,70829.4,70632.38,70651.88,1118.6641195157551
2026-06-29T22:00:00+00:00,70646.88,70674.25,70504.23,70504.23,269
2026-06-29T23:00:00+00:00,70504.23,70794.25,70424.23,70694.25,2791.9224263633714
2026-06-30T00:00:00+00:00,70694.25,70748.73,69459.24,69894.25,28079
2026-06-30T01:00:00+00:00,69894.25,70406.23,69624.23,70114.24,15231
2026-06-30T02:00:00+00:00,70114.24,70308.75,69904.25,70139.23,6063
2026-06-30T03:00:00+00:00,70139.23,70623.74,70099.23,70393.74,5602
2026-06-30T04:00:00+00:00,70393.74,70794.24,70384.23,70678.75,4361
2026-06-30T05:00:00+00:00,70678.75,70798.73,70494.23,70518.73,4138
2026-06-30T06:00:00+00:00,70518.73,70558.75,70111.23,70283.74,5095
2026-06-30T07:00:00+00:00,70283.74,70438.73,70238.74,70288.73,1971
2026-06-30T08:00:00+00:00,70288.73,70388.75,69784.24,70038.75,6003
2026-06-30T09:00:00+00:00,70038.75,70081.25,69878.73,69968.74,4141
2026-06-30T10:00:00+00:00,69968.74,70238.75,69931.23,70206.23,3183
2026-06-30T11:00:00+00:00,70206.23,70351.23,70171.23,70306.24,2969
2026-06-30T12:00:00+00:00,70306.24,70336.24,70038.73,70181.23,4810
2026-06-30T13:00:00+00:00,70181.23,70904.25,70166.25,70889.24,9652
2026-06-30T14:00:00+00:00,70889.24,71106.25,70778.75,71016.25,10258
2026-06-30T15:00:00+00:00,71016.25,71251.24,71016.25,71153.75,5367
2026-06-30T16:00:00+00:00,71153.75,71311.25,71138.73,71271.24,2148
2026-06-30T17:00:00+00:00,71271.24,71361.25,71253.74,71316.23,1360
2026-06-30T18:00:00+00:00,71316.23,71371.25,71266.25,71336.25,1553
2026-06-30T19:00:00+00:00,71336.25,71386.25,71206.25,71238.73,2313
2026-06-30T20:00:00+00:00,71238.73,71248.75,70979.23,70998.75,1103
2026-06-30T22:00:00+00:00,70998.75,71149.28,70944.78,71044.77,277
2026-06-30T23:00:00+00:00,71044.77,71279.27,70849.78,71239.77,1312.1054691129305
2026-07-01T00:00:00+00:00,71239.77,72109.28,71239.77,71659.79,16709
2026-07-01T01:00:00+00:00,71659.79,71824.27,70489.77,70589.28,20146
2026-07-01T02:00:00+00:00,70589.28,70626.78,70259.77,70489.77,9221
2026-07-01T03:00:00+00:00,70489.77,70829.27,70299.77,70764.77,7864
2026-07-01T04:00:00+00:00,70764.77,70894.28,70509.77,70724.79,6820
2026-07-01T05:00:00+00:00,70724.79,70899.79,70634.77,70769.79,6295
2026-07-01T06:00:00+00:00,70769.79,70819.29,70469.79,70669.27,4694
2026-07-01T07:00:00+00:00,70669.27,70729.29,70384.78,70721.79,2151
2026-07-01T08:00:00+00:00,70721.79,70809.28,70524.27,70801.77,4354
2026-07-01T09:00:00+00:00,70801.77,70851.77,70684.27,70841.79,3138
2026-07-01T10:00:00+00:00,70841.79,70994.29,70719.29,70984.28,1962
2026-07-01T11:00:00+00:00,70984.28,71089.29,70861.78,70881.77,2572
2026-07-01T12:00:00+00:00,70881.77,70991.77,70524.77,70589.77,6787
2026-07-01T13:00:00+00:00,70589.77,70654.29,70064.77,70379.79,19091
2026-07-01T14:00:00+00:00,70379.79,70491.79,69799.78,69884.27,11611
2026-07-01T15:00:00+00:00,69884.27,70349.29,69829.27,70064.27,9964
2026-07-01T16:00:00+00:00,70064.27,70149.28,69689.77,69729.28,6352
2026-07-01T17:00:00+00:00,69729.28,69934.29,69659.77,69759.78,5358
2026-07-01T18:00:00+00:00,69759.78,69879.27,69534.79,69656.79,3086
2026-07-01T19:00:00+00:00,69656.79,69964.29,69634.27,69674.27,6886
2026-07-01T20:00:00+00:00,69674.27,69679.29,69514.29,69619.27,2166
2026-07-01T22:00:00+00:00,69619.27,69805.88,69619.27,69750.88,230
2026-07-01T23:00:00+00:00,69750.88,69765.87,69155.85999999999,69265.85999999999,2463.684124318618
2026-07-02T00:00:00+00:00,69265.85999999999,69515.35999999999,68840.85999999999,69170.87999999999,28112
2026-07-02T01:00:00+00:00,69170.87999999999,70020.87999999999,69080.85999999999,69995.87999999999,20768
2026-07-02T02:00:00+00:00,69995.87999999999,70055.37999999999,69750.85999999999,69860.85999999999,10740
2026-07-02T03:00:00+00:00,69860.85999999999,69885.37999999999,69445.85999999999,69560.85999999999,13098
2026-07-02T04:00:00+00:00,69560.85999999999,69690.85999999999,69215.85999999999,69440.85999999999,13397
2026-07-02T05:00:00+00:00,69440.85999999999,69745.37999999999,69255.87,69265.85999999999,14547
2026-07-02T06:00:00+00:00,69265.85999999999,69295.37999999999,68505.85999999999,68640.35999999999,7325
2026-07-02T07:00:00+00:00,68640.35999999999,68755.37,68435.85999999999,68600.87999999999,4067
2026-07-02T08:00:00+00:00,68600.87999999999,69097.87,68465.87999999999,68992.87999999999,7013
2026-07-02T09:00:00+00:00,68992.87999999999,69050.37999999999,68852.87999999999,68935.37999999999,4701
2026-07-02T10:00:00+00:00,68935.37999999999,69095.37999999999,68762.85999999999,69057.87999999999,4275
2026-07-02T11:00:00+00:00,69057.87999999999,69205.37999999999,68945.37,69092.87999999999,3466
2026-07-02T12:00:00+00:00,69092.87999999999,69717.87999999999,69057.85999999999,69460.35999999999,10067
2026-07-02T13:00:00+00:00,69460.35999999999,69895.37,69265.35999999999,69785.85999999999,17946
2026-07-02T14:00:00+00:00,69785.85999999999,69805.35999999999,68650.85999999999,68917.85999999999,27910
2026-07-02T15:00:00+00:00,68917.85999999999,68980.37999999999,68290.85999999999,68385.87999999999,27648
2026-07-02T16:00:00+00:00,68385.87999999999,68425.35999999999,67892.87,67945.35999999999,16172
2026-07-02T17:00:00+00:00,67945.35999999999,68002.87999999999,67630.85999999999,67660.35999999999,12858
2026-07-02T18:00:00+00:00,67660.35999999999,68070.37999999999,67595.85999999999,67975.87,10707
2026-07-02T19:00:00+00:00,67975.87,68340.37999999999,67680.85999999999,68315.35999999999,10658
2026-07-02T20:00:00+00:00,68315.35999999999,68335.37999999999,68190.85999999999,68330.37999999999,1764
2026-07-02T22:00:00+00:00,68325.39,68405.68,68306.2,68331.19,335
2026-07-02T23:00:00+00:00,68331.19,68751.2,68306.18,68541.19,4152.329093684134
2026-07-03T00:00:00+00:00,68541.19,68646.2,67751.18,68256.18,36417
2026-07-03T01:00:00+00:00,68256.18,69211.2,68216.18,69186.18,24498
2026-07-03T02:00:00+00:00,69186.18,69520.68,69141.18,69471.19,8192
2026-07-03T03:00:00+00:00,69471.19,69661.19,68981.19,69436.19,10189
2026-07-03T04:00:00+00:00,69436.19,69816.2,69406.19,69671.2,7732
2026-07-03T05:00:00+00:00,69671.2,69775.7,69491.2,69750.7,7903
2026-07-03T06:00:00+00:00,69750.7,70020.7,69686.2,69871.18,4109
2026-07-03T07:00:00+00:00,69871.18,69945.7,69766.19,69770.68,1202
2026-07-03T08:00:00+00:00,69770.68,69845.7,69576.2,69595.68,3179
2026-07-03T09:00:00+00:00,69595.68,69735.69,69535.68,69655.69,2342
2026-07-03T10:00:00+00:00,69655.69,69823.19,69616.18,69768.18,1397
2026-07-03T11:00:00+00:00,69768.18,69788.2,69675.7,69785.68,1156
2026-07-03T12:00:00+00:00,69785.68,69875.7,69683.18,69718.2,1708
2026-07-03T13:00:00+00:00,69718.2,69800.68,69675.68,69775.69,2381.0383673469387
2026-07-03T14:00:00+00:00,69775.69,69923.2,69730.68,69895.68,1622
2026-07-03T15:00:00+00:00,69895.68,69965.7,69783.19,69790.69,1383
2026-07-03T16:00:00+00:00,69790.69,69860.69,69758.19,69830.68,618
2026-07-03T17:00:00+00:00,69830.68,69831.08,69587.00000000001,69608.59999999999,259.7215184352044
2026-07-03T18:00:00+00:00,69608.59999999999,69611.1,69587,69610.9,97.74601827829036
2026-07-03T19:00:00+00:00,69610.9,69629.7,69552,69567.09999999999,619.0463459238708
2026-07-05T22:00:00+00:00,69825.68,69999.91,69609.92,69664.9,201
2026-07-05T23:00:00+00:00,69664.9,70356.92,69664.9,70122.4,3015.900812422947
2026-07-06T00:00:00+00:00,70122.4,70502.42,69397.4,69847.42,25057
2026-07-06T01:00:00+00:00,69847.42,69881.92,69257.4,69362.4,16729
2026-07-06T02:00:00+00:00,69362.4,69471.92,68937.4,69082.41,10681
2026-07-06T03:00:00+00:00,69082.41,69366.92,69037.4,69331.91,8553
2026-07-06T04:00:00+00:00,69331.91,69691.91,69137.41,69651.91,6426
2026-07-06T05:00:00+00:00,69651.91,69766.9,69362.41,69712.4,6234
2026-07-06T06:00:00+00:00,69712.4,70004.4,69616.9,69946.9,3599
2026-07-06T07:00:00+00:00,69946.9,70084.41,69817.41,70049.42,1681
2026-07-06T08:00:00+00:00,70049.42,70379.41,69961.92,70081.91,4569
2026-07-06T09:00:00+00:00,70081.91,70106.9,69901.92,69981.91,3248
2026-07-06T10:00:00+00:00,69981.91,70059.41,69899.41,69989.41,2257
2026-07-06T11:00:00+00:00,69989.41,70109.42,69861.91,70004.42,3197
2026-07-06T12:00:00+00:00,70004.42,70141.92,69964.4,70061.9,3641
2026-07-06T13:00:00+00:00,70061.9,70371.92,69886.9,70226.92,12733
2026-07-06T14:00:00+00:00,70226.92,70471.9,70152.4,70304.4,9878
2026-07-06T15:00:00+00:00,70304.4,70409.41,70116.9,70351.91,5521
2026-07-06T16:00:00+00:00,70351.91,70439.4,70264.4,70284.4,2732
2026-07-06T17:00:00+00:00,70284.4,70369.42,70071.91,70129.4,3706
2026-07-06T18:00:00+00:00,70129.4,70334.42,70129.4,70274.4,2225
2026-07-06T19:00:00+00:00,70274.4,70391.9,70211.92,70261.9,2706
2026-07-06T20:00:00+00:00,70261.9,70306.92,70217.4,70241.91,641.8644710575257
2026-07-06T22:00:00+00:00,70246.91,70293.98,70146.96,70146.96,157
2026-07-06T23:00:00+00:00,70146.96,70283.98,69591.96,69686.98,1921
2026-07-07T00:00:00+00:00,69686.98,70081.98,69266.97,69316.97,21243
2026-07-07T01:00:00+00:00,69316.97,69426.48,68786.97,68961.46,14441
2026-07-07T02:00:00+00:00,68961.46,69201.48,68861.96,68901.46,7792
2026-07-07T03:00:00+00:00,68901.46,69076.48,68536.96,68651.98,8452
2026-07-07T04:00:00+00:00,68651.98,68821.47,68421.96,68501.98,7272
2026-07-07T05:00:00+00:00,68501.98,68816.46,68121.47,68691.98,8894
2026-07-07T06:00:00+00:00,68691.98,68771.97,68351.98,68561.46,4735
2026-07-07T07:00:00+00:00,68561.46,68668.98,68446.96,68453.96,1721
2026-07-07T08:00:00+00:00,68453.96,68653.96,68306.96,68316.97,4713
2026-07-07T09:00:00+00:00,68316.97,68536.47,68261.98,68486.96,2903
2026-07-07T10:00:00+00:00,68486.96,68603.98,68316.96,68441.48,3524
2026-07-07T11:00:00+00:00,68441.48,68446.48,68186.96,68376.46,3989
2026-07-07T12:00:00+00:00,68376.46,68611.48,68306.96,68361.98,3944
2026-07-07T13:00:00+00:00,68361.98,68503.98,68001.97,68136.97,13489
2026-07-07T14:00:00+00:00,68136.97,68316.47,67506.97,67626.96,14269
2026-07-07T15:00:00+00:00,67626.96,67786.48,67391.96,67721.46,11737
2026-07-07T16:00:00+00:00,67721.46,68046.46,67701.96,67996.97,8358
2026-07-07T17:00:00+00:00,67996.97,68188.98,67941.96,68188.98,4988
2026-07-07T18:00:00+00:00,68188.98,68206.47,67711.96,67726.46,7836
2026-07-07T19:00:00+00:00,67726.46,67788.96,67451.96,67776.47,12831
2026-07-07T20:00:00+00:00,67776.47,67816.46,67541.96,67571.98,1641
2026-07-07T22:00:00+00:00,67571.98,67590.81,67381.31,67506.33,161
2026-07-07T23:00:00+00:00,67506.33,67751.32,67286.33,67341.32,3443.1425907330367
2026-07-08T00:00:00+00:00,67341.32,68555.82,67076.32,68426.31,27810
2026-07-08T01:00:00+00:00,68426.31,68518.31,67781.31,67921.33,22526
2026-07-08T02:00:00+00:00,67921.33,68096.32,67606.32,68046.32,11241
2026-07-08T03:00:00+00:00,68046.32,68470.83,68046.32,68051.33,8281
2026-07-08T04:00:00+00:00,68051.33,68090.82,67516.31,67765.81,10335
2026-07-08T05:00:00+00:00,67765.81,67995.81,67261.31,67466.31,11740
2026-07-08T06:00:00+00:00,67466.31,67480.82,66766.33,66960.81,6340
2026-07-08T07:00:00+00:00,66960.81,67190.83,66746.32,67150.81,3450
2026-07-08T08:00:00+00:00,67150.81,67233.32,65698.31,65718.31,19522
2026-07-08T09:00:00+00:00,65718.31,65968.32,65423.31,65795.82,12930
2026-07-08T10:00:00+00:00,65795.82,66273.32,65693.31,66138.32,8316
2026-07-08T11:00:00+00:00,66138.32,66640.82,66045.83,66453.33,9739
2026-07-08T12:00:00+00:00,66453.33,66798.33,66311.31,66568.33,7772
2026-07-08T13:00:00+00:00,66568.33,67280.82,66555.81,67215.83,19087
2026-07-08T14:00:00+00:00,67215.83,67403.33,66853.31,67098.32,23313
2026-07-08T15:00:00+00:00,67098.32,67125.83,66611.31,66913.33,15935
2026-07-08T16:00:00+00:00,66913.33,67565.81,66913.33,67545.82,11412
2026-07-08T17:00:00+00:00,67545.82,67733.31,67456.31,67513.33,5321
2026-07-08T18:00:00+00:00,67513.33,67705.82,67466.32,67633.31,5296
2026-07-08T19:00:00+00:00,67633.31,67843.33,67565.83,67765.81,6030
2026-07-08T20:00:00+00:00,67765.81,67780.81,67565.81,67663.31,2155
2026-07-08T22:00:00+00:00,67658.31,67765.67,67635.65,67730.65,294
2026-07-08T23:00:00+00:00,67730.65,67977.63999999998,67607.63999999998,67697.63999999998,1795.6488749726934
2026-07-09T00:00:00+00:00,67697.63999999998,68427.15999999999,67692.63999999998,68102.65999999999,17024
2026-07-09T01:00:00+00:00,68102.65999999999,68527.13999999998,67902.65999999999,67937.65999999999,14711
2026-07-09T02:00:00+00:00,67937.65999999999,68592.15,67817.65,67904.63999999998,11132
2026-07-09T03:00:00+00:00,67904.63999999998,68237.13999999998,67627.63999999998,68102.63999999998,11520
2026-07-09T04:00:00+00:00,68102.63999999998,68199.63999999998,67762.63999999998,67972.63999999998,8038
2026-07-09T05:00:00+00:00,67972.63999999998,68227.15,67577.65,68212.65999999999,10261
2026-07-09T06:00:00+00:00,68212.65999999999,68272.65,67817.65,67872.15,5815
2026-07-09T07:00:00+00:00,67872.15,68067.15999999999,67837.13999999998,67977.15999999999,2107
2026-07-09T08:00:00+00:00,67977.15999999999,68189.65999999999,67789.65999999999,67877.13999999998,5936
2026-07-09T09:00:00+00:00,67877.13999999998,67922.15,67612.65,67754.65,4702
2026-07-09T10:00:00+00:00,67754.65,67827.15999999999,67464.63999999998,67627.13999999998,4489
2026-07-09T11:00:00+00:00,67627.13999999998,68059.65999999999,67584.63999999998,68004.65,4020
2026-07-09T12:00:00+00:00,68004.65,68327.15999999999,67952.63999999998,68257.15999999999,3584
2026-07-09T13:00:00+00:00,68257.15999999999,68937.15,68247.13999999998,68887.15,8342
2026-07-09T14:00:00+00:00,68887.15,68929.63999999998,68414.63999999998,68737.15,10203
2026-07-09T15:00:00+00:00,68737.15,68967.15,68707.63999999998,68867.13999999998,3049
2026-07-09T16:00:00+00:00,68867.13999999998,68997.13999999998,68822.63999999998,68892.65999999999,1871
2026-07-09T17:00:00+00:00,68892.65999999999,69024.63999999998,68892.65,68984.63999999998,909
2026-07-09T18:00:00+00:00,68984.63999999998,69074.65999999999,68902.63999999998,68982.15,1300
2026-07-09T19:00:00+00:00,68982.15,69032.15999999999,68887.63999999998,69012.13999999998,1813
2026-07-09T20:00:00+00:00,69012.13999999998,69057.13999999998,68972.13999999998,69039.65999999999,421
2026-07-09T22:00:00+00:00,69037.67,69062.88,68805.87,68865.89,251
2026-07-09T23:00:00+00:00,68865.89,69290.37,68825.87,69178.39,1457.6699492229573
2026-07-10T00:00:00+00:00,69178.39,69298.39,68593.39,69237.87,14566
2026-07-10T01:00:00+00:00,69237.87,69482.89,68888.37,69333.38,7829
2026-07-10T02:00:00+00:00,69333.38,69362.89,68848.39,69263.37,5075
2026-07-10T03:00:00+00:00,69263.37,69312.89,68973.39,69083.39,2802
2026-07-10T04:00:00+00:00,69083.39,69172.87,68788.38,68853.38,2955
2026-07-10T05:00:00+00:00,68853.38,68977.89,68733.38,68768.39,3470
2026-07-10T06:00:00+00:00,68768.39,68905.39,68553.39,68797.88,3999
2026-07-10T07:00:00+00:00,68797.88,68912.87,68702.87,68742.88,1735
2026-07-10T08:00:00+00:00,68742.88,68825.37,68470.37,68710.38,5060
2026-07-10T09:00:00+00:00,68710.38,68880.39,68617.88,68817.87,2822
2026-07-10T10:00:00+00:00,68817.87,69020.39,68815.38,68962.88,1799
2026-07-10T11:00:00+00:00,68962.88,69067.89,68840.37,68895.38,2172
2026-07-10T12:00:00+00:00,68895.38,69098.39,68710.38,68737.89,4238
2026-07-10T13:00:00+00:00,68737.89,68885.39,68435.37,68737.89,11161
2026-07-10T14:00:00+00:00,68737.89,69015.39,68198.37,68827.87,13762
2026-07-10T15:00:00+00:00,68827.87,69132.88,68723.37,68963.38,8607
2026-07-10T16:00:00+00:00,68963.38,69212.89,68963.38,69167.88,2514
2026-07-10T17:00:00+00:00,69167.88,69350.39,69132.88,69250.38,1308.599423631124
2026-07-10T18:00:00+00:00,69250.38,69322.87,69165.88,69190.89,1652
2026-07-10T19:00:00+00:00,69190.89,69290.38,69190.88,69247.88,1114
2026-07-10T20:00:00+00:00,69247.88,69300.39,69240.38,69280.38,245.12197467810915
2026-07-12T22:00:00+00:00,69285.38,69285.38,68575.11,68830.09,768
2026-07-12T23:00:00+00:00,68830.09,68980.1,68470.09,68569.61,1822.8007614213197
2026-07-13T00:00:00+00:00,68569.61,69175.11,68025.1,68160.1,21026
2026-07-13T01:00:00+00:00,68160.1,68319.6,67345.09,67515.09,21018
2026-07-13T02:00:00+00:00,67515.09,67949.61,67330.09,67645.11,11202
2026-07-13T03:00:00+00:00,67645.11,67674.6,67205.09,67240.1,7008
2026-07-13T04:00:00+00:00,67240.1,67252.19,66972.2,67046.71,6209
2026-07-13T05:00:00+00:00,67046.71,67401.7,66727.2,67387.21,12312
2026-07-13T06:00:00+00:00,67387.21,67456.7,67124.19,67302.19,6177
2026-07-13T07:00:00+00:00,67302.19,67519.2,67262.2,67416.7,2469
2026-07-13T08:00:00+00:00,67416.7,67746.69,67411.71,67731.69,4324
2026-07-13T09:00:00+00:00,67731.69,67831.69,67619.2,67821.7,2324
2026-07-13T10:00:00+00:00,67821.7,67851.71,67599.19,67739.2,2447
2026-07-13T11:00:00+00:00,67739.2,67826.7,67601.69,67651.69,3186
2026-07-13T12:00:00+00:00,67651.69,67824.2,67556.71,67799.2,3964
2026-07-13T13:00:00+00:00,67799.2,67927.21,67517.21,67801.69,11896
2026-07-13T14:00:00+00:00,67801.69,67987.21,67302.21,67986.7,12650
2026-07-13T15:00:00+00:00,67986.7,68036.71,67747.19,67777.19,6718
2026-07-13T16:00:00+00:00,67777.19,67856.69,67402.21,67551.69,6579
2026-07-13T17:00:00+00:00,67551.69,67676.71,67416.7,67419.2,3700
2026-07-13T18:00:00+00:00,67419.2,67551.71,67302.19,67392.2,4348
2026-07-13T19:00:00+00:00,67392.2,67451.7,67142.2,67341.71,4537
2026-07-13T20:00:00+00:00,67341.71,67346.71,67052.19,67079.19,1356
2026-07-13T22:00:00+00:00,67079.19,67163.97,66993.95,66998.96,251
2026-07-13T23:00:00+00:00,66998.96,67028.47,66458.95,66883.97,2700
2026-07-14T00:00:00+00:00,66883.97,67478.97,66338.95,67418.96,31740
2026-07-14T01:00:00+00:00,67418.96,67613.47,67013.95,67078.45,17794
2026-07-14T02:00:00+00:00,67078.45,67213.46,66628.95,66928.96,11540
2026-07-14T03:00:00+00:00,66928.96,67203.47,66498.95,67133.96,11843
2026-07-14T04:00:00+00:00,67133.96,67548.47,66848.96,67513.45,9058
2026-07-14T05:00:00+00:00,67513.45,67893.46,67423.95,67708.95,6322
2026-07-14T06:00:00+00:00,67708.95,67885.96,67618.96,67618.97,4183
2026-07-14T07:00:00+00:00,67618.97,67758.47,67488.97,67600.95,3486
2026-07-14T08:00:00+00:00,67600.95,67883.47,67575.95,67685.96,6353
2026-07-14T09:00:00+00:00,67685.96,67868.45,67620.97,67783.45,4257
2026-07-14T10:00:00+00:00,67783.45,67930.97,67733.47,67828.46,3339
2026-07-14T11:00:00+00:00,67828.46,68143.46,67685.95,68098.45,6289
2026-07-14T12:00:00+00:00,68098.45,68733.96,67918.45,68388.45,6347
2026-07-14T13:00:00+00:00,68388.45,68668.46,68343.45,68555.96,12954
2026-07-14T14:00:00+00:00,68555.96,68620.97,68050.97,68383.46,15877
2026-07-14T15:00:00+00:00,68383.46,68578.46,68148.95,68203.46,7925
2026-07-14T16:00:00+00:00,68203.46,68253.47,68090.96,68213.46,4806
2026-07-14T17:00:00+00:00,68213.46,68270.95,68135.95,68143.45,2273
2026-07-14T18:00:00+00:00,68143.45,68210.97,68063.95,68118.45,2151
2026-07-14T19:00:00+00:00,68118.45,68220.97,68025.96,68160.97,3336
2026-07-14T20:00:00+00:00,68160.97,68213.45,68108.97,68210.95,565.6161300742974
2026-07-14T22:00:00+00:00,68210.95,68384.98,68134.97,68284.48,159
2026-07-14T23:00:00+00:00,68284.48,68519.97,68209.96,68354.96,1472
2026-07-15T00:00:00+00:00,68354.96,68854.96,68119.98,68309.98,11784
2026-07-15T01:00:00+00:00,68309.98,68404.48,67894.97,68399.97,8852
2026-07-15T02:00:00+00:00,68399.97,68559.47,68344.96,68454.98,2486
2026-07-15T03:00:00+00:00,68454.98,68704.47,68449.96,68674.96,1980
2026-07-15T04:00:00+00:00,68674.96,68749.48,68539.97,68681.96,2223
2026-07-15T05:00:00+00:00,68681.96,68889.48,68464.97,68804.47,5140
2026-07-15T06:00:00+00:00,68804.47,68884.48,68679.97,68774.48,3063
2026-07-15T07:00:00+00:00,68774.48,68904.48,68559.96,68721.96,2092
2026-07-15T08:00:00+00:00,68721.96,68724.46,68274.96,68529.46,3310
2026-07-15T09:00:00+00:00,68529.46,68624.48,68384.47,68399.46,1974
2026-07-15T10:00:00+00:00,68399.46,68474.48,68314.47,68331.97,2419
2026-07-15T11:00:00+00:00,68331.97,68406.98,68271.96,68279.48,2511
2026-07-15T12:00:00+00:00,68279.48,68539.48,68164.97,68524.47,3414
2026-07-15T13:00:00+00:00,68524.47,68636.97,67999.47,68171.97,8184
2026-07-15T14:00:00+00:00,68171.97,68209.46,67504.98,67616.96,13012
2026-07-15T15:00:00+00:00,67616.96,67696.98,67429.47,67566.98,9723
2026-07-15T16:00:00+00:00,67566.98,67609.48,67074.46,67284.47,7863
2026-07-15T17:00:00+00:00,67284.47,67789.46,67274.46,67749.48,4032
2026-07-15T18:00:00+00:00,67749.48,67894.47,67589.48,67616.97,2986
2026-07-15T19:00:00+00:00,67616.97,67791.97,67594.97,67789.48,3641
2026-07-15T20:00:00+00:00,67789.48,67816.96,67634.96,67661.96,722.6518987341772
2026-07-15T22:00:00+00:00,67661.96,67855.38,67661.96,67820.38,216
2026-07-15T23:00:00+00:00,67820.38,67895.37000000001,67393.35,67418.35,1466.748521562431
2026-07-16T00:00:00+00:00,67418.35,67793.37000000001,66598.35,66738.36,12493
2026-07-16T01:00:00+00:00,66738.36,67047.87000000001,66568.37000000001,66808.37000000001,10305
2026-07-16T02:00:00+00:00,66808.37000000001,67132.85,66553.36,67093.37000000001,5467
2026-07-16T03:00:00+00:00,67093.37000000001,67232.86,66843.36,67228.35,4857
2026-07-16T04:00:00+00:00,67228.35,67282.87000000001,66778.35,66828.36,3848
2026-07-16T05:00:00+00:00,66828.36,67222.87000000001,66643.35,66725.35,7088
2026-07-16T06:00:00+00:00,66725.35,67100.35,66598.36,66973.35,7026
2026-07-16T07:00:00+00:00,66973.35,66982.87000000001,66468.37000000001,66482.86,2330
2026-07-16T08:00:00+00:00,66482.86,66747.87000000001,66273.36,66737.86,5739
2026-07-16T09:00:00+00:00,66737.86,66915.37000000001,66598.35,66613.35,3783
2026-07-16T10:00:00+00:00,66613.35,66752.85,66543.35,66597.87000000001,3339
2026-07-16T11:00:00+00:00,66597.87000000001,66597.87000000001,66143.37000000001,66372.87000000001,5318
2026-07-16T12:00:00+00:00,66372.87000000001,66457.87000000001,66013.37000000001,66103.37000000001,5144
2026-07-16T13:00:00+00:00,66103.37000000001,66487.86,66033.35,66258.36,10432
2026-07-16T14:00:00+00:00,66258.36,66582.85,66228.35,66417.86,16421
2026-07-16T15:00:00+00:00,66417.86,66647.87000000001,66258.35,66493.35,9846
2026-07-16T16:00:00+00:00,66493.35,66498.37000000001,66083.36,66268.35,7965
2026-07-16T17:00:00+00:00,66268.35,66292.85,66038.36,66080.35,5579
2026-07-16T18:00:00+00:00,66080.35,66162.85,65868.36,65892.86,6117
2026-07-16T19:00:00+00:00,65892.86,66025.35,65708.35,66003.35,6461
2026-07-16T20:00:00+00:00,66003.35,66007.85,65813.35,65930.36,1103
2026-07-16T22:00:00+00:00,65932.37,65940.26,65740.26,65805.27,274
2026-07-16T23:00:00+00:00,65805.27,65925.26,65505.27,65505.27,2420
2026-07-17T00:00:00+00:00,65505.27,65769.76,64220.25,64789.76,24186
2026-07-17T01:00:00+00:00,64789.76,65134.77,64215.27,64275.26,14483
2026-07-17T02:00:00+00:00,64275.26,64360.26,64010.26,64105.25,4276
2026-07-17T03:00:00+00:00,64105.25,64449.77,63795.25,63795.26,4521
2026-07-17T04:00:00+00:00,63795.26,63825.26,62790.25,63340.26,10883
2026-07-17T05:00:00+00:00,63340.26,63760.27,63200.26,63745.25,10163
2026-07-17T06:00:00+00:00,63745.25,64367.27,63745.25,63977.25,7319
2026-07-17T07:00:00+00:00,63977.25,64104.77,63889.76,63939.75,3759
2026-07-17T08:00:00+00:00,63939.75,64372.25,63597.26,63834.76,11836
2026-07-17T09:00:00+00:00,63834.76,64094.77,63707.26,63975.27,7841
2026-07-17T10:00:00+00:00,63975.27,64404.75,63915.25,64320.26,5833
2026-07-17T11:00:00+00:00,64320.26,64379.75,64105.25,64310.26,4728
2026-07-17T12:00:00+00:00,64310.26,64379.75,64020.25,64069.76,4311
2026-07-17T13:00:00+00:00,64069.76,64194.77,63425.27,64180.27,18885
2026-07-17T14:00:00+00:00,64180.27,64709.77,64175.25,64365.26,17790
2026-07-17T15:00:00+00:00,64365.26,64987.27,64207.26,64972.27,19264
2026-07-17T16:00:00+00:00,64972.27,65129.77,64772.27,65039.75,7031
2026-07-17T17:00:00+00:00,65039.75,65234.77,64990.25,65019.75,5252
2026-07-17T18:00:00+00:00,65019.75,65199.77,64984.75,65129.77,5437
2026-07-17T19:00:00+00:00,65129.77,65249.75,64895.26,65132.26,4935
2026-07-17T20:00:00+00:00,65132.26,65134.77,64955.26,65100.25,1153
2026-07-19T22:00:00+00:00,64949.07,65054.57,64624.58,64789.57,844
2026-07-19T23:00:00+00:00,64789.57,65094.59,64604.57,65059.59,2348.936612487834
2026-07-20T00:00:00+00:00,65059.59,65379.59,64664.59,64784.58,14634
2026-07-20T01:00:00+00:00,64784.58,65174.09,64644.57,64849.59,15781
2026-07-20T02:00:00+00:00,64849.59,65144.57,64624.57,65009.59,10020
2026-07-20T03:00:00+00:00,65009.59,65174.58,64834.57,65044.57,6768
2026-07-20T04:00:00+00:00,65044.57,65289.58,64839.57,65094.07,6385
2026-07-20T05:00:00+00:00,65094.07,65134.07,64784.59,64849.07,7795
2026-07-20T06:00:00+00:00,64849.07,64919.09,64659.07,64829.08,3680
2026-07-20T07:00:00+00:00,64829.08,65234.09,64794.57,65149.07,3553
2026-07-20T08:00:00+00:00,65149.07,65389.08,65084.09,65209.07,4485
2026-07-20T09:00:00+00:00,65209.07,65516.58,65141.57,65421.59,3733
2026-07-20T10:00:00+00:00,65421.59,65496.57,65259.09,65484.08,2379
2026-07-20T11:00:00+00:00,65484.08,65974.09,65484.08,65749.07,5803
2026-07-20T12:00:00+00:00,65749.07,65759.08,65394.07,65524.08,5097
2026-07-20T13:00:00+00:00,65524.08,65916.57,65521.57,65664.08,8188
2026-07-20T14:00:00+00:00,65664.08,65876.57,65276.59,65339.07,13901
2026-07-20T15:00:00+00:00,65339.07,65764.09,65246.58,65724.07,8862
2026-07-20T16:00:00+00:00,65724.07,65869.07,65444.07,65506.57,3761
2026-07-20T17:00:00+00:00,65506.57,65569.09,65404.08,65509.08,4582
2026-07-20T18:00:00+00:00,65509.08,65631.59,65169.57,65239.07,5272
2026-07-20T19:00:00+00:00,65239.07,65314.09,64984.09,65114.07,8217
2026-07-20T20:00:00+00:00,65114.07,65189.08,65034.57,65104.08,985
2026-07-20T22:00:00+00:00,65104.08,65104.08,64845.8,64881.32,295
2026-07-20T23:00:00+00:00,64881.32,65211.31,64635.82,64905.81,4692
2026-07-21T00:00:00+00:00,64905.81,65246.32,64311.3,64931.31,34197
2026-07-21T01:00:00+00:00,64931.31,65746.31,64696.31,65316.3,19876
2026-07-21T02:00:00+00:00,65316.3,65665.81,65111.31,65581.32,8488
2026-07-21T03:00:00+00:00,65581.32,66085.82,65581.32,66071.3,6144
2026-07-21T04:00:00+00:00,66071.3,66125.82,65816.3,65946.3,5844
2026-07-21T05:00:00+00:00,65946.3,66195.8,65721.3,66086.31,6440
2026-07-21T06:00:00+00:00,66086.31,66378.3,66048.3,66300.8,5654
2026-07-21T07:00:00+00:00,66300.8,66385.82,66113.3,66260.81,2002
2026-07-21T08:00:00+00:00,66260.81,66415.81,66175.82,66240.8,5282
2026-07-21T09:00:00+00:00,66240.8,66383.3,66155.82,66168.31,2778
2026-07-21T10:00:00+00:00,66168.31,66313.31,66103.3,66110.8,3048
2026-07-21T11:00:00+00:00,66110.8,66165.8,65985.82,66078.32,2128
2026-07-21T12:00:00+00:00,66078.32,66305.82,66013.3,66285.8,3373
2026-07-21T13:00:00+00:00,66285.8,66445.82,66153.31,66423.3,11218
2026-07-21T14:00:00+00:00,66423.3,67025.82,66408.3,67003.31,9458
2026-07-21T15:00:00+00:00,67003.31,67288.32,66958.3,67238.3,5486
2026-07-21T16:00:00+00:00,67238.3,67328.31,67223.3,67263.3,2125
2026-07-21T17:00:00+00:00,67263.3,67275.82,67173.3,67228.32,1646
2026-07-21T18:00:00+00:00,67228.32,67295.82,67200.81,67213.3,1410
2026-07-21T19:00:00+00:00,67213.3,67228.32,67068.32,67173.32,2017
2026-07-21T20:00:00+00:00,67173.32,67215.81,67146.3,67215.81,762
2026-07-21T22:00:00+00:00,67215.81,67270.23,67105.22,67140.24,312
2026-07-21T23:00:00+00:00,67140.24,67544.73,67040.22,67495.23,3104
2026-07-22T00:00:00+00:00,67495.23,67654.74,67205.22,67410.24,21539
2026-07-22T01:00:00+00:00,67410.24,67642.23,67180.22,67574.72,11557
2026-07-22T02:00:00+00:00,67574.72,67619.72,67295.23,67329.73,6790
2026-07-22T03:00:00+00:00,67329.73,67444.73,66825.24,66985.24,7451
2026-07-22T04:00:00+00:00,66985.24,67144.74,66720.22,66834.74,5637
2026-07-22T05:00:00+00:00,66834.74,66844.74,66210.22,66310.24,13793
2026-07-22T06:00:00+00:00,66310.24,66315.22,65995.22,66049.73,5136
2026-07-22T07:00:00+00:00,66049.73,66224.74,65770.23,65844.74,3074
2026-07-22T08:00:00+00:00,65844.74,66117.22,65752.22,65904.73,5815
2026-07-22T09:00:00+00:00,65904.73,66119.74,65782.22,65922.22,4422
2026-07-22T10:00:00+00:00,65922.22,66237.23,65919.73,66189.73,3786
2026-07-22T11:00:00+00:00,66189.73,66209.73,65839.73,65937.22,3931
2026-07-22T12:00:00+00:00,65937.22,65987.24,65615.23,65799.72,3971
2026-07-22T13:00:00+00:00,65799.72,66129.74,65799.72,66104.74,6372
2026-07-22T14:00:00+00:00,66104.74,66214.74,65964.72,66204.73,9971
2026-07-22T15:00:00+00:00,66204.73,66634.74,66204.72,66585.24,6774
2026-07-22T16:00:00+00:00,66585.24,66647.24,66530.22,66617.24,3948
2026-07-22T17:00:00+00:00,66617.24,66719.74,66539.74,66554.72,3758
2026-07-22T18:00:00+00:00,66554.72,66589.74,66434.72,66512.23,3930
2026-07-22T19:00:00+00:00,66512.23,66529.73,66339.72,66364.74,4892
2026-07-22T20:00:00+00:00,66364.74,66589.73,66305.22,66317.24,4779
2026-07-22T22:00:00+00:00,66317.24,66317.24,65916.61,66126.61,499
2026-07-22T23:00:00+00:00,66126.61,66676.62,66031.61,66651.62,3045
2026-07-23T00:00:00+00:00,66651.62,67038.61,66491.62,66991.61,18646
2026-07-23T01:00:00+00:00,66991.61,67081.63,66556.62,66581.62,12820
2026-07-23T02:00:00+00:00,66581.62,66746.11,66411.62,66461.63,6605
2026-07-23T03:00:00+00:00,66461.63,66661.12,66251.61,66606.61,5402
2026-07-23T04:00:00+00:00,66606.61,66666.13,66371.61,66561.11,4949
2026-07-23T05:00:00+00:00,66561.11,66866.63,66406.61,66406.61,5839
2026-07-23T06:00:00+00:00,66406.61,66496.63,66246.11,66263.62,3913
2026-07-23T07:00:00+00:00,66263.62,66273.61,65886.13,66081.12,3546
2026-07-23T08:00:00+00:00,66081.12,66391.13,66036.62,66351.12,4190
2026-07-23T09:00:00+00:00,66351.12,66526.11,66216.61,66276.11,2658
2026-07-23T10:00:00+00:00,66276.11,66461.12,66218.63,66431.13,2707
2026-07-23T11:00:00+00:00,66431.13,66461.11,66011.63,66271.12,3894
2026-07-23T12:00:00+00:00,66271.12,66286.12,65706.63,65793.63,5259
2026-07-23T13:00:00+00:00,65793.63,66021.13,65516.12,65546.11,15588
2026-07-23T14:00:00+00:00,65546.11,65673.62,65233.62,65356.13,20409
2026-07-23T15:00:00+00:00,65356.13,65376.12,65001.11,65201.13,11813
2026-07-23T16:00:00+00:00,65201.13,65503.63,65181.13,65341.12,6955
2026-07-23T17:00:00+00:00,65341.12,65411.11,65201.12,65206.12,7024
2026-07-23T18:00:00+00:00,65206.12,65316.12,65168.61,65208.63,5452
2026-07-23T19:00:00+00:00,65208.63,65396.13,65136.13,65378.62,5212
2026-07-23T20:00:00+00:00,65378.62,65626.63,65371.62,65446.12,2255
2026-07-23T22:00:00+00:00,65446.12,65478.01,65258,65468.02,420
2026-07-23T23:00:00+00:00,65468.02,65712.51,65378.02,65433,4227
2026-07-24T00:00:00+00:00,65433,65712.51,64548,64863.02,26773
2026-07-24T01:00:00+00:00,64863.02,64927.5,64398,64452.51,18547
2026-07-24T02:00:00+00:00,64452.51,64632.51,64238,64268.01,9699
2026-07-24T03:00:00+00:00,64268.01,64577.52,64213.01,64338,13288
2026-07-24T04:00:00+00:00,64338,64692.52,64263.02,64582.5,11756
2026-07-24T05:00:00+00:00,64582.5,64703.01,64443,64508,10573
2026-07-24T06:00:00+00:00,64508,64782.51,64418.01,64662.51,5818
2026-07-24T07:00:00+00:00,64662.51,65087.5,64653,64973,3388
2026-07-24T08:00:00+00:00,64973,64997.52,64643,64923.01,7144
2026-07-24T09:00:00+00:00,64923.01,65097.5,64843,65087.51,5268
2026-07-24T10:00:00+00:00,65087.51,65127.52,64973,65028,3373
2026-07-24T11:00:00+00:00,65028,65202.52,64922.51,65123.02,4768
2026-07-24T12:00:00+00:00,65123.02,65222.52,64838,64887.51,5357
2026-07-24T13:00:00+00:00,64887.51,65007.5,64478,64508.02,14828
2026-07-24T14:00:00+00:00,64508.02,64832.52,64263.01,64642.51,21832
2026-07-24T15:00:00+00:00,64642.51,65012.5,64458,64997.51,17805
2026-07-24T16:00:00+00:00,64997.51,65072.51,64678,64782.51,6807
2026-07-24T17:00:00+00:00,64782.51,64917.52,64633,64752.5,6878
2026-07-24T18:00:00+00:00,64752.5,64797.51,64338.01,64497.52,5748
2026-07-24T19:00:00+00:00,64497.52,64542.51,64273,64413.02,7084
2026-07-24T20:00:00+00:00,64413.02,64417.5,64283,64360.01,1295
2026-07-26T22:00:00+00:00,64360.01,65715.07,64360.01,65600.56,673
2026-07-26T23:00:00+00:00,65600.56,65630.57,65270.55,65415.57,3179.9480890204577
2026-07-27T00:00:00+00:00,65415.57,65415.57,64490.07,64530.57,30426
2026-07-27T01:00:00+00:00,64530.57,64820.06,64195.56,64820.06,23860
2026-07-27T02:00:00+00:00,64820.06,64965.07,64640.56,64680.07,9757
2026-07-27T03:00:00+00:00,64680.07,64997.57,64515.56,64620.55,9517
2026-07-27T04:00:00+00:00,64620.55,65000.05,64530.55,64835.07,9157
2026-07-27T05:00:00+00:00,64835.07,64950.07,64815.55,64870.55,6339
2026-07-27T06:00:00+00:00,64870.55,65185.05,64870.55,65035.06,3839
2026-07-27T07:00:00+00:00,65035.06,65180.07,64930.56,64945.55,2297
2026-07-27T08:00:00+00:00,64945.55,65240.07,64880.56,65200.56,6454
2026-07-27T09:00:00+00:00,65200.56,65255.07,65110.55,65210.55,2755
2026-07-27T10:00:00+00:00,65210.55,65320.07,65155.55,65285.07,1915
2026-07-27T11:00:00+00:00,65285.07,65295.06,64970.55,65035.57,3185
2026-07-27T12:00:00+00:00,65035.57,65220.07,64915.55,65220.06,3290
2026-07-27T13:00:00+00:00,65220.06,65230.07,64395.55,64432.57,13991
2026-07-27T14:00:00+00:00,64432.57,64480.07,63655.55,64065.06,25482
2026-07-27T15:00:00+00:00,64065.06,64085.07,63490.56,63610.55,17304
2026-07-27T16:00:00+00:00,63610.55,63895.07,63480.56,63505.56,13935
2026-07-27T17:00:00+00:00,63505.56,63722.57,63385.55,63720.07,10879
2026-07-27T18:00:00+00:00,63720.07,63912.57,63565.55,63902.56,6808
2026-07-27T19:00:00+00:00,63902.56,64140.06,63870.55,64060.07,5479
2026-07-27T20:00:00+00:00,64060.07,64100.05,63890.57,63900.06,912
2026-07-27T22:00:00+00:00,63900.06,63971.88,63806.87,63906.88,336
2026-07-27T23:00:00+00:00,63906.88,63971.38,63516.86,63551.869999999995,3820
2026-07-28T00:00:00+00:00,63551.869999999995,63641.88,62211.86,62336.86,29816
2026-07-28T01:00:00+00:00,62336.86,62611.88,62191.86,62206.88,18099
2026-07-28T02:00:00+00:00,62206.88,62276.88,62011.86,62206.86,11658
2026-07-28T03:00:00+00:00,62206.86,62651.88,62011.86,62536.869999999995,13958
2026-07-28T04:00:00+00:00,62536.869999999995,62596.86,62261.86,62441.88,10566
2026-07-28T05:00:00+00:00,62441.88,62561.369999999995,62156.86,62246.869999999995,9925
2026-07-28T06:00:00+00:00,62246.869999999995,62571.369999999995,62156.86,62511.88,8665
2026-07-28T07:00:00+00:00,62511.88,62686.38,62431.869999999995,62501.38,4471
2026-07-28T08:00:00+00:00,62501.38,62811.38,62216.86,62706.88,11722
2026-07-28T09:00:00+00:00,62706.88,62721.369999999995,62461.86,62523.88,4642
2026-07-28T10:00:00+00:00,62523.88,62546.38,62341.86,62451.36,5002
2026-07-28T11:00:00+00:00,62451.36,62481.38,62086.86,62456.88,7944
2026-07-28T12:00:00+00:00,62456.88,62631.369999999995,62446.86,62516.36,7351
2026-07-28T13:00:00+00:00,62516.36,62541.38,62066.869999999995,62141.86,18842
2026-07-28T14:00:00+00:00,62141.86,62581.36,61926.869999999995,62421.36,26409
2026-07-28T15:00:00+00:00,62421.36,62981.86,62331.86,62926.869999999995,12845
2026-07-28T16:00:00+00:00,62926.869999999995,62986.36,62766.86,62861.88,7771
2026-07-28T17:00:00+00:00,62861.88,62891.38,62476.88,62561.369999999995,7155
2026-07-28T18:00:00+00:00,62561.369999999995,62616.38,62423.86,62523.86,7887
2026-07-28T19:00:00+00:00,62523.86,62721.38,62523.86,62541.369999999995,7353
2026-07-28T20:00:00+00:00,62541.369999999995,62616.369999999995,62401.869999999995,62421.38,2358
2026-07-28T22:00:00+00:00,62416.39,62641.92,62051.9,62051.91,582
2026-07-28T23:00:00+00:00,62051.91,62956.9,62026.91,62801.92,4857
2026-07-29T00:00:00+00:00,62801.92,63251.91,62456.9,62516.4,30955
2026-07-29T01:00:00+00:00,62516.4,62716.91,61401.9,61421.9,30483
2026-07-29T02:00:00+00:00,61421.9,61866.42,61286.9,61386.91,25700
2026-07-29T03:00:00+00:00,61386.91,61651.92,60811.91,60871.92,14709
2026-07-29T04:00:00+00:00,60871.92,61341.92,60521.9,61316.92,18294
2026-07-29T05:00:00+00:00,61316.92,61586.4,61091.91,61366.92,20842
2026-07-29T06:00:00+00:00,61366.92,62511.91,61036.9,62426.9,12543
2026-07-29T07:00:00+00:00,62426.9,62536.92,62286.9,62476.9,4302
2026-07-29T08:00:00+00:00,62476.9,62741.4,62331.9,62611.9,9935
2026-07-29T09:00:00+00:00,62611.9,62906.4,62606.9,62811.89000000001,6670
2026-07-29T10:00:00+00:00,62811.89000000001,62926.4,62626.89000000001,62646.880000000005,5903
2026-07-29T11:00:00+00:00,62646.880000000005,62841.4,62616.880000000005,62816.380000000005,5559
2026-07-29T12:00:00+00:00,62816.380000000005,62836.380000000005,62446.380000000005,62601.880000000005,7211
2026-07-29T13:00:00+00:00,62601.880000000005,62776.4,62181.880000000005,62301.4,17778
2026-07-29T14:00:00+00:00,62301.4,62526.9,61686.9,61856.9,22628
2026-07-29T15:00:00+00:00,61856.9,61971.4,61561.9,61711.380000000005,15399
2026-07-29T16:00:00+00:00,61711.380000000005,61816.4,61391.880000000005,61806.4,9319
2026-07-29T17:00:00+00:00,61806.4,62131.4,61796.880000000005,62061.39000000001,11345
2026-07-29T18:00:00+00:00,62061.39000000001,62998.880000000005,62026.89000000001,62983.9,25218
2026-07-29T19:00:00+00:00,62983.9,63071.39000000001,61266.880000000005,61333.89000000001,28246
2026-07-29T20:00:00+00:00,61333.89000000001,61406.89000000001,60896.880000000005,60991.880000000005,10572
2026-07-29T22:00:00+00:00,61006.9,61634.62,61006.9,61459.61,365
2026-07-29T23:00:00+00:00,61459.61,62182.12,61357.11,61542.12,6068.577823338459
2026-07-30T00:00:00+00:00,61542.12,62581.61,61317.11,62357.12,41632
2026-07-30T01:00:00+00:00,62357.12,62999.11,62327.12,62722.1,30659
2026-07-30T02:00:00+00:00,62722.1,62901.6,61977.1,61997.1,16932
2026-07-30T03:00:00+00:00,61997.1,62311.6,61677.1,62067.1,17419
2026-07-30T04:00:00+00:00,62067.1,62247.1,61647.079999999994,61702.079999999994,16194
2026-07-30T05:00:00+00:00,61702.079999999994,62321.59,61572.079999999994,61957.09,16733
2026-07-30T06:00:00+00:00,61957.09,62097.1,61697.09,61857.09,7848
2026-07-30T07:00:00+00:00,61857.09,62121.579999999994,61427.079999999994,61667.1,5221
2026-07-30T08:00:00+00:00,61667.1,62162.11,61477.079999999994,61997.61,10424
2026-07-30T09:00:00+00:00,61997.61,62197.11,61937.61,61952.61,6901
2026-07-30T10:00:00+00:00,61952.61,62372.1,61837.59,62242.59,7693
2026-07-30T11:00:00+00:00,62242.59,62712.1,62232.59,62647.61,6839
2026-07-30T12:00:00+00:00,62647.61,62832.6,62592.6,62717.61,8604
2026-07-30T13:00:00+00:00,62717.61,63042.11,62487.61,62997.1,17361
2026-07-30T14:00:00+00:00,62997.1,63382.11,62827.59,63192.59,21866
2026-07-30T15:00:00+00:00,63192.59,63512.11,63062.6,63382.6,15678
2026-07-30T16:00:00+00:00,63382.6,63662.61,63362.6,63507.59,6684
2026-07-30T17:00:00+00:00,63507.59,63674.61,63457.6,63512.09,4761
2026-07-30T18:00:00+00:00,63512.09,63579.61,63477.59,63572.11,2620
2026-07-30T19:00:00+00:00,63572.11,63772.11,63572.11,63704.61,3262
2026-07-30T20:00:00+00:00,63704.61,63837.59,63637.59,63667.11,3422
2026-07-30T22:00:00+00:00,63684.12,63927.89,63684.12,63872.88,205
2026-07-30T23:00:00+00:00,63872.88,64487.38,63742.9,64287.88,3099
2026-07-31T00:00:00+00:00,64287.88,65317.4,64287.88,65272.9,17875
2026-07-31T01:00:00+00:00,65272.9,65512.4,65117.9,65174.88,12763
2026-07-31T02:00:00+00:00,65174.88,65227.39,64427.89,64542.89,8435
2026-07-31T03:00:00+00:00,64542.89,64602.9,63922.88,64272.89,11674
2026-07-31T04:00:00+00:00,64272.89,64577.39,63997.88,64437.89,7541
2026-07-31T05:00:00+00:00,64437.89,64727.38,64012.89,64427.88,8335
2026-07-31T06:00:00+00:00,64427.88,64512.89,63532.88,63757.9,9499
2026-07-31T07:00:00+00:00,63757.9,64202.9,63647.88,64037.89,4055
2026-07-31T08:00:00+00:00,64037.89,64037.89,63642.88,63752.89,11393
2026-07-31T09:00:00+00:00,63752.89,64017.39,63692.89,63862.88,8979
2026-07-31T10:00:00+00:00,63862.88,64267.39,63832.9,64147.9,5597
2026-07-31T11:00:00+00:00,64147.9,64322.39,63947.88,64047.89,6644
2026-07-31T12:00:00+00:00,64047.89,64062.4,63762.89,63867.9,6213
2026-07-31T13:00:00+00:00,63867.9,64132.39,63052.88,63132.9,22564
2026-07-31T14:00:00+00:00,63132.9,63462.4,62652.88,63342.88,30635
2026-07-31T15:00:00+00:00,63342.88,63427.4,62882.88,63247.88,21891
2026-07-31T16:00:00+00:00,63247.88,63387.38,63097.89,63292.88,12353
2026-07-31T17:00:00+00:00,63292.88,63492.39,63252.88,63317.9,7502
2026-07-31T18:00:00+00:00,63317.9,63482.4,63302.9,63427.4,5850
2026-07-31T19:00:00+00:00,63427.4,63534.88,63262.89,63282.9,6564
2026-07-31T20:00:00+00:00,63282.9,63362.4,63037.88,63057.4,2682
2026-08-02T22:00:00+00:00,63057.4,63695.59,63057.4,63520.6,566
2026-08-02T23:00:00+00:00,63520.6,64190.58,63330.6,63795.58,3146.1840724845015
2026-08-03T00:00:00+00:00,63795.58,63795.59,62915.58,63160.59,28168
2026-08-03T01:00:00+00:00,63160.59,63395.09,62785.58,63345.6,18426
2026-08-03T02:00:00+00:00,63345.6,63655.1,63245.6,63465.08,8395
2026-08-03T03:00:00+00:00,63465.08,64000.09,63250.59,63735.6,7336
2026-08-03T04:00:00+00:00,63735.6,63910.6,63640.58,63725.08,7404
2026-08-03T05:00:00+00:00,63725.08,63825.1,63620.58,63715.58,7101
2026-08-03T06:00:00+00:00,63715.58,63915.59,63620.58,63700.6,4879
2026-08-03T07:00:00+00:00,63700.6,63815.58,63595.58,63765.59,3919
2026-08-03T08:00:00+00:00,63765.59,63795.6,63275.59,63520.6,6519
2026-08-03T09:00:00+00:00,63520.6,63545.1,63080.59,63205.08,5029
2026-08-03T10:00:00+00:00,63205.08,63215.1,62895.58,63050.58,6001
2026-08-03T11:00:00+00:00,63050.58,63055.1,62625.58,62665.59,6771
2026-08-03T12:00:00+00:00,62665.59,62735.1,62535.58,62640.59,6466
2026-08-03T13:00:00+00:00,62640.59,62690.08,62127.59,62635.58,17556
2026-08-03T14:00:00+00:00,62635.58,63275.1,62495.09,63230.59,16641
2026-08-03T15:00:00+00:00,63230.59,63265.1,63025.6,63190.1,8285
2026-08-03T16:00:00+00:00,63190.1,63275.1,63080.58,63100.08,3895
2026-08-03T17:00:00+00:00,63100.08,63352.59,63065.58,63345.09,1961
2026-08-03T18:00:00+00:00,63345.09,63460.09,63270.59,63285.58,2289
2026-08-03T19:00:00+00:00,63285.58,63475.1,63285.58,63422.58,2379
2026-08-03T20:00:00+00:00,63422.58,63650.09,63390.58,63482.58,908
2026-08-03T22:00:00+00:00,63482.58,63583.12,63482.58,63533.14,122
2026-08-03T23:00:00+00:00,63533.14,64313.14,63508.12,64308.12,2225.50156915527
2026-08-04T00:00:00+00:00,64308.12,64323.14,63028.14,63188.13,21560
2026-08-04T01:00:00+00:00,63188.13,63777.64,62948.12,63738.14,15529
2026-08-04T02:00:00+00:00,63738.14,63748.14,63348.12,63403.13,8533
2026-08-04T03:00:00+00:00,63403.13,63643.14,63318.12,63593.12,6570
2026-08-04T04:00:00+00:00,63593.12,63758.13,63348.13,63653.14,6795
2026-08-04T05:00:00+00:00,63653.14,64062.63,63468.12,64053.13,6303
2026-08-04T06:00:00+00:00,64053.13,64103.12,63877.63,63983.12,2772
2026-08-04T07:00:00+00:00,63983.12,64113.14,63978.12,64010.14,1808
2026-08-04T08:00:00+00:00,64010.14,64205.12,63850.12,63872.63,4780
2026-08-04T09:00:00+00:00,63872.63,63885.14,63678.12,63807.63,3693
2026-08-04T10:00:00+00:00,63807.63,64142.62,63755.14,63965.12,4327
2026-08-04T11:00:00+00:00,63965.12,64527.64,63965.12,64457.63,5407
2026-08-04T12:00:00+00:00,64457.63,64460.14,64252.62,64307.64,2703
2026-08-04T13:00:00+00:00,64307.64,64827.62,64253.12,64653.14,8954
2026-08-04T14:00:00+00:00,64653.14,64913.12,64573.12,64857.63,6563
2026-08-04T15:00:00+00:00,64857.63,65135.12,64843.13,65082.62,3272
2026-08-04T16:00:00+00:00,65082.62,65262.64,65070.12,65260.14,1831
2026-08-04T17:00:00+00:00,65260.14,65550.14,65257.62,65412.62,2444
2026-08-04T18:00:00+00:00,65412.62,65507.64,65382.62,65465.12,2672
2026-08-04T19:00:00+00:00,65465.12,65632.63,65458.12,65483.13,2775
2026-08-04T20:00:00+00:00,65483.13,65678.13,65368.14,65512.63,2594
2026-08-04T22:00:00+00:00,65512.63,65779.62,65512.63,65634.6,159
2026-08-04T23:00:00+00:00,65634.6,65879.61,65529.6,65544.61,2442
2026-08-05T00:00:00+00:00,65544.61,66224.62,65514.62,65944.62,15364
2026-08-05T01:00:00+00:00,65944.62,66114.62,65689.6,66084.62,11159
2026-08-05T02:00:00+00:00,66084.62,66189.6,65874.6,65884.61,3988
2026-08-05T03:00:00+00:00,65884.61,66096.61,65809.61,66079.12,3942
2026-08-05T04:00:00+00:00,66079.12,66259.11,65964.6,66229.11,3557
2026-08-05T05:00:00+00:00,66229.11,66334.12,66139.61,66244.62,3803
2026-08-05T06:00:00+00:00,66244.62,66364.12,66244.6,66304.1,3408
2026-08-05T07:00:00+00:00,66304.1,66314.1,66041.61,66094.1,2145
2026-08-05T08:00:00+00:00,66094.1,66239.1,65924.11,66041.61,4197
2026-08-05T09:00:00+00:00,66041.61,66261.62,65984.61,66069.1,2585
2026-08-05T10:00:00+00:00,66069.1,66126.61,65966.62,66081.62,1869
2026-08-05T11:00:00+00:00,66081.62,66484.11,66069.1,66369.61,2928
2026-08-05T12:00:00+00:00,66369.61,66419.1,66254.6,66344.6,4552
2026-08-05T13:00:00+00:00,66344.6,66816.61,66344.6,66734.61,9356
2026-08-05T14:00:00+00:00,66734.61,66734.61,65899.62,66004.1,13880
2026-08-05T15:00:00+00:00,66004.1,66119.1,65849.12,65901.61,8893
2026-08-05T16:00:00+00:00,65901.61,66054.1,65844.11,66026.6,7069
2026-08-05T17:00:00+00:00,66026.6,66046.62,65879.1,65966.62,5089
2026-08-05T18:00:00+00:00,65966.62,66001.61,65864.11,65871.62,3524
2026-08-05T19:00:00+00:00,65871.62,66021.6,65704.6,65721.6,3381
2026-08-05T20:00:00+00:00,65721.6,65816.6,65634.61,65811.61,2101
2026-08-05T22:00:00+00:00,65811.61,65983.46,65798.96,65888.96,298
2026-08-05T23:00:00+00:00,65888.96,65888.96,65448.94,65553.94,2115.803324880248
2026-08-06T00:00:00+00:00,65553.94,65733.96,65203.94,65228.95,17464
2026-08-06T01:00:00+00:00,65228.95,65318.46,64983.95,65068.96,12656
2026-08-06T02:00:00+00:00,65068.96,65643.45,65018.94,65623.94,6251
2026-08-06T03:00:00+00:00,65623.94,65743.44,65393.94,65603.96,5951
2026-08-06T04:00:00+00:00,65603.96,65718.46,65468.94,65673.46,4698
2026-08-06T05:00:00+00:00,65673.46,65883.45,65623.95,65733.94,6429
2026-08-06T06:00:00+00:00,65733.94,65778.45,65448.96,65523.44,3683
2026-08-06T07:00:00+00:00,65523.44,65720.94,65490.95,65540.95,2469
2026-08-06T08:00:00+00:00,65540.95,65703.46,65413.95,65688.44,4709
2026-08-06T09:00:00+00:00,65688.44,65693.46,65463.44,65690.95,3526
2026-08-06T10:00:00+00:00,65690.95,65708.46,65503.44,65565.94,3117
2026-08-06T11:00:00+00:00,65565.94,65570.96,65310.96,65413.45,5993
2026-08-06T12:00:00+00:00,65413.45,65440.96,65220.96,65328.46,4406
2026-08-06T13:00:00+00:00,65328.46,65780.95,64948.45,65768.44,10197
2026-08-06T14:00:00+00:00,65768.44,66375.96,65698.44,66165.95,13744
2026-08-06T15:00:00+00:00,66165.95,66313.46,65885.94,65915.95,14312
2026-08-06T16:00:00+00:00,65915.95,66008.46,65778.45,65990.96,9713
2026-08-06T17:00:00+00:00,65990.96,66015.96,65778.44,65838.44,5502
2026-08-06T18:00:00+00:00,65838.44,65928.46,65723.46,65755.95,3925
2026-08-06T19:00:00+00:00,65755.95,65838.46,65580.94,65648.46,4504
2026-08-06T20:00:00+00:00,65648.46,65703.46,65503.95,65573.44,1353
2026-08-06T22:00:00+00:00,65573.44,65696.67,65536.15,65661.65,226
2026-08-06T23:00:00+00:00,65661.65,65931.16,65606.65,65881.67,2090
2026-08-07T00:00:00+00:00,65881.67,65956.16,65121.65,65261.17,18744
2026-08-07T01:00:00+00:00,65261.17,65286.16,64691.65,64921.66,15241
2026-08-07T02:00:00+00:00,64921.66,65191.67,64881.16,65121.66,8304
2026-08-07T03:00:00+00:00,65121.66,65331.66,65011.65,65106.66,6228
2026-08-07T04:00:00+00:00,65106.66,65396.66,65036.65,65316.65,5448
2026-08-07T05:00:00+00:00,65316.65,65723.67,65311.66,65511.66,5550
2026-08-07T06:00:00+00:00,65511.66,65738.66,65506.65,65733.65,2549
2026-08-07T07:00:00+00:00,65733.65,65811.17,65686.66,65756.17,1389
2026-08-07T08:00:00+00:00,65756.17,65888.65,65711.15,65776.17,3106
2026-08-07T09:00:00+00:00,65776.17,65896.15,65721.16,65761.17,2080
2026-08-07T10:00:00+00:00,65761.17,65846.17,65686.65,65836.17,2026
2026-08-07T11:00:00+00:00,65836.17,66063.66,65816.15,65968.65,2077
2026-08-07T12:00:00+00:00,65968.65,66668.67,65931.16,66618.65,5592
2026-08-07T13:00:00+00:00,66618.65,66738.67,66266.15,66296.66,13730
2026-08-07T14:00:00+00:00,66296.66,66366.16,66056.16,66208.66,17249
2026-08-07T15:00:00+00:00,66208.66,66383.65,66098.66,66128.67,6638
2026-08-07T16:00:00+00:00,66128.67,66143.65,65838.65,65968.67,5931
2026-08-07T17:00:00+00:00,65968.67,66043.67,65946.15,65986.16,2558
2026-08-07T18:00:00+00:00,65986.16,66028.66,65923.65,66016.15,1691
2026-08-07T19:00:00+00:00,66016.15,66346.16,66016.15,66316.17,2982
2026-08-07T20:00:00+00:00,66316.17,66361.17,66256.66,66301.67,496.98313388417375
2026-08-09T22:00:00+00:00,66301.67,66424.04,66137.03,66232.02,509
2026-08-09T23:00:00+00:00,66232.02,66434.04,66199.03,66199.03,1773.889737756505
2026-08-10T00:00:00+00:00,66199.03,66728.54,66074.02,66509.03,13890
2026-08-10T01:00:00+00:00,66509.03,67058.53,66404.02,66984.03,8318
2026-08-10T02:00:00+00:00,66984.03,67048.52,66909.02,66914.03,3657
2026-08-10T03:00:00+00:00,66914.03,67008.52,66814.02,66914.03,3962
2026-08-10T04:00:00+00:00,66914.03,67003.54,66749.02,66814.02,3882
2026-08-10T05:00:00+00:00,66814.02,67026.04,66814.02,66933.54,2976
2026-08-10T06:00:00+00:00,66933.54,67168.53,66869.03,67084.04,2961
2026-08-10T07:00:00+00:00,67084.04,67328.52,67046.04,67283.52,1493
2026-08-10T08:00:00+00:00,67283.52,67598.52,67218.53,67283.54,3302
2026-08-10T09:00:00+00:00,67283.54,67356.02,67211.02,67236.03,2146
2026-08-10T10:00:00+00:00,67236.03,67268.54,67108.53,67178.52,2114
2026-08-10T11:00:00+00:00,67178.52,67266.04,67021.02,67188.54,3477
2026-08-10T12:00:00+00:00,67188.54,67196.03,67003.52,67071.03,4396
2026-08-10T13:00:00+00:00,67071.03,67256.02,66898.52,66983.52,13169
2026-08-10T14:00:00+00:00,66983.52,67158.54,66896.04,66903.53,10722
2026-08-10T15:00:00+00:00,66903.53,66981.04,66693.52,66866.02,5477
2026-08-10T16:00:00+00:00,66866.02,66898.54,66698.53,66743.52,3814
2026-08-10T17:00:00+00:00,66743.52,66821.04,66681.02,66713.54,1407
2026-08-10T18:00:00+00:00,66713.54,66801.02,66678.52,66786.04,1195
2026-08-10T19:00:00+00:00,66786.04,66856.03,66703.53,66734.03,1404
2026-08-10T20:00:00+00:00,66734.03,66753.54,66673.54,66698.52,489.5537100247041
2026-08-10T22:00:00+00:00,66701.52,66822.65,66557.65,66662.65,31
2026-08-10T23:00:00+00:00,66662.65,66712.65,66447.67,66592.65,1049.7294965065967
2026-08-11T00:00:00+00:00,66592.65,66857.16,66342.66,66797.15,5636
2026-08-11T01:00:00+00:00,66797.15,67047.15,66712.65,66907.65,4924
2026-08-11T02:00:00+00:00,66907.65,67182.17,66882.65,67082.66,2552
2026-08-11T03:00:00+00:00,67082.66,67207.17,67037.66,67062.65,1451
2026-08-11T04:00:00+00:00,67062.65,67157.15,67042.65,67112.65,1341
2026-08-11T05:00:00+00:00,67112.65,67157.16,66947.65,66957.65,2004
2026-08-11T06:00:00+00:00,66957.65,67057.17,66787.65,66907.17,1284
2026-08-11T07:00:00+00:00,66907.17,67012.16,66877.65,66952.16,1403
2026-08-11T08:00:00+00:00,66952.16,67124.66,66862.65,67029.66,2842
2026-08-11T09:00:00+00:00,67029.66,67254.67,66982.17,67137.15,2338
2026-08-11T10:00:00+00:00,67137.15,67339.66,67089.67,67302.15,2188
2026-08-11T11:00:00+00:00,67302.15,67547.15,67292.15,67337.16,3370
2026-08-11T12:00:00+00:00,67337.16,67409.66,67284.65,67332.15,1976
2026-08-11T13:00:00+00:00,67332.15,67467.16,67142.15,67287.65,8183
2026-08-11T14:00:00+00:00,67287.65,67534.66,67242.67,67457.16,6786
2026-08-11T15:00:00+00:00,67457.16,67504.66,67154.65,67167.15,4612
2026-08-11T16:00:00+00:00,67167.15,67207.17,67109.65,67137.15,2541
2026-08-11T17:00:00+00:00,67137.15,67164.66,66994.65,67134.65,2061
2026-08-11T18:00:00+00:00,67134.65,67144.67,66942.15,67037.17,2060
2026-08-11T19:00:00+00:00,67037.17,67124.67,66972.16,67124.67,1758
2026-08-11T20:00:00+00:00,67124.67,67262.65,67067.66,67219.65,615
2026-08-11T22:00:00+00:00,67189.65,67189.65,67099.45,67159.46,107
2026-08-11T23:00:00+00:00,67159.46,67269.47,66999.46,67264.45,1021.3671123607394
2026-08-12T00:00:00+00:00,67264.45,67264.45,66779.47,66989.47,12115
2026-08-12T01:00:00+00:00,66989.47,67173.97,66844.46,67108.96,4658
2026-08-12T02:00:00+00:00,67108.96,67318.97,66954.45,67318.95,1895
2026-08-12T03:00:00+00:00,67318.95,67408.97,67224.45,67324.45,2243
2026-08-12T04:00:00+00:00,67324.45,67533.96,67319.47,67533.96,1563
2026-08-12T05:00:00+00:00,67533.96,67601.46,67459.47,67529.45,1221
2026-08-12T06:00:00+00:00,67529.45,67718.97,67506.46,67683.95,2084.478381096028
2026-08-12T07:00:00+00:00,67683.95,67783.97,67666.45,67756.47,995
2026-08-12T08:00:00+00:00,67756.47,67908.97,67678.96,67876.46,2224
2026-08-12T09:00:00+00:00,67876.46,68041.47,67858.95,67923.97,2002
2026-08-12T10:00:00+00:00,67923.97,67968.96,67789.45,67931.45,1235
2026-08-12T11:00:00+00:00,67931.45,68211.47,67926.45,68191.45,1110
2026-08-12T12:00:00+00:00,68191.45,68591.46,67844.46,68583.96,4631
2026-08-12T13:00:00+00:00,68583.96,68901.46,68524.46,68763.96,9778
2026-08-12T14:00:00+00:00,68763.96,68933.96,68618.95,68628.95,9223
2026-08-12T15:00:00+00:00,68628.95,68713.97,68493.96,68533.96,5669
2026-08-12T16:00:00+00:00,68533.96,68596.46,68428.95,68486.45,2298
2026-08-12T17:00:00+00:00,68486.45,68588.97,68466.45,68553.97,1644
2026-08-12T18:00:00+00:00,68553.97,68571.46,68476.45,68481.45,1208
2026-08-12T19:00:00+00:00,68481.45,68531.47,68438.95,68521.47,1810
2026-08-12T20:00:00+00:00,68521.47,68643.97,68504.45,68556.46,445.6709541178729
2026-08-12T22:00:00+00:00,68556.46,68649.45,68524.45,68580.82,220
2026-08-12T23:00:00+00:00,68580.82,68605.83,68333.34,68378.34,1034.29930748371
2026-08-13T00:00:00+00:00,68378.34,68847.82,68218.32,68657.83,13717
2026-08-13T01:00:00+00:00,68657.83,68677.84,68338.33,68498.34,7146
2026-08-13T02:00:00+00:00,68498.34,68762.83,68453.34,68757.84,3117
2026-08-13T03:00:00+00:00,68757.84,68817.84,68703.34,68732.83,3231
2026-08-13T04:00:00+00:00,68732.83,68822.84,68513.32,68527.84,3524
2026-08-13T05:00:00+00:00,68527.84,68722.84,68393.32,68407.84,3699
2026-08-13T06:00:00+00:00,68407.84,68442.82,68253.32,68372.83,2518
2026-08-13T07:00:00+00:00,68372.83,68397.84,68255.32,68257.82,1193
2026-08-13T08:00:00+00:00,68257.82,68355.34,68193.34,68285.34,2812
2026-08-13T09:00:00+00:00,68285.34,68377.84,68143.32,68372.84,1436
2026-08-13T10:00:00+00:00,68372.84,68377.82,68277.82,68347.84,1306
2026-08-13T11:00:00+00:00,68347.84,68485.32,68257.82,68437.83,1710
2026-08-13T12:00:00+00:00,68437.83,68568.33,68303.32,68557.82,2928
2026-08-13T13:00:00+00:00,68557.82,68970.34,68505.34,68957.82,5463
2026-08-13T14:00:00+00:00,68957.82,69547.84,68948.33,69448.33,4071
2026-08-13T15:00:00+00:00,69448.33,69527.83,69158.32,69178.32,6071
2026-08-13T16:00:00+00:00,69178.32,69375.32,69178.32,69372.83,1974
2026-08-13T17:00:00+00:00,69372.83,69442.84,69330.33,69330.33,844
2026-08-13T18:00:00+00:00,69330.33,69372.83,69288.33,69327.82,673
2026-08-13T19:00:00+00:00,69327.82,69345.34,69118.32,69175.32,1463
2026-08-13T20:00:00+00:00,69175.32,69210.32,69083.32,69117.84,833.3232241829189
2026-08-13T22:00:00+00:00,69120.34,69257.08,69120.34,69152.07,181
2026-08-13T23:00:00+00:00,69152.07,69437.08,69152.06,69212.08,2261.232181392508
2026-08-14T00:00:00+00:00,69212.08,69646.57,69197.06,69307.07,12288
2026-08-14T01:00:00+00:00,69307.07,69322.08,68782.06,68837.08,8649
2026-08-14T02:00:00+00:00,68837.08,69001.56,68757.06,68792.08,3736
2026-08-14T03:00:00+00:00,68792.08,69021.58,68657.07,68662.06,3025
2026-08-14T04:00:00+00:00,68662.06,68756.56,68547.06,68562.08,3970
2026-08-14T05:00:00+00:00,68562.08,68881.57,68497.07,68872.07,3515
2026-08-14T06:00:00+00:00,68872.07,68891.56,68597.07,68749.08,2152
2026-08-14T07:00:00+00:00,68749.08,68764.08,68667.07,68699.08,967
2026-08-14T08:00:00+00:00,68699.08,68841.58,68637.06,68789.06,3052
2026-08-14T09:00:00+00:00,68789.06,68946.57,68756.56,68899.06,2076
2026-08-14T10:00:00+00:00,68899.06,68956.58,68871.57,68909.07,1320
2026-08-14T11:00:00+00:00,68909.07,69009.08,68891.58,68979.08,1659
2026-08-14T12:00:00+00:00,68979.08,68989.06,68756.56,68844.08,3252
2026-08-14T13:00:00+00:00,68844.08,68964.06,68664.06,68791.57,8355
2026-08-14T14:00:00+00:00,68791.57,68999.07,68696.56,68709.08,7532
2026-08-14T15:00:00+00:00,68709.08,68776.58,68464.07,68531.56,4409
2026-08-14T16:00:00+00:00,68531.56,68619.06,68529.06,68556.57,2072
2026-08-14T17:00:00+00:00,68556.57,68636.56,68536.54,68581.54,1527.8831515691074
2026-08-14T18:00:00+00:00,68581.54,68621.56,68551.56,68606.55,1065
2026-08-14T19:00:00+00:00,68606.55,68726.56,68571.54,68719.04,1414
2026-08-14T20:00:00+00:00,68719.04,68749.06,68659.55,68744.05,542
2026-08-16T22:00:00+00:00,68741.57,68936.83,68741.57,68897.33,166
2026-08-16T23:00:00+00:00,68897.33,68991.81,68837.33,68962.33,1373.2064209937569
2026-08-17T00:00:00+00:00,68962.33,69136.83,68567.32,68576.83,7779
2026-08-17T01:00:00+00:00,68576.83,68791.82,68512.33,68717.31,2783
2026-08-17T02:00:00+00:00,68717.31,68831.83,68662.31,68741.83,1507
2026-08-17T03:00:00+00:00,68741.83,68936.83,68692.32,68871.82,1350
2026-08-17T04:00:00+00:00,68871.82,69011.82,68862.32,68941.83,981
2026-08-17T05:00:00+00:00,68941.83,69216.83,68877.33,69207.32,1309
2026-08-17T06:00:00+00:00,69207.32,69296.83,69131.82,69266.82,1733.662611950274
2026-08-17T07:00:00+00:00,69266.82,69316.82,69136.81,69269.32,881
2026-08-17T08:00:00+00:00,69269.32,69291.81,69044.33,69062.31,1829
2026-08-17T09:00:00+00:00,69062.31,69081.82,68976.82,68996.81,888
2026-08-17T10:00:00+00:00,68996.81,69151.83,68931.81,68961.82,1953
2026-08-17T11:00:00+00:00,68961.82,69076.83,68924.32,69059.31,1229
2026-08-17T12:00:00+00:00,69059.31,69116.83,68947.32,69039.32,1992
2026-08-17T13:00:00+00:00,69039.32,69426.83,69039.32,69426.83,6321
2026-08-17T14:00:00+00:00,69426.83,69479.32,69241.81,69459.31,4638
2026-08-17T15:00:00+00:00,69459.31,69554.32,69371.83,69474.31,2464
2026-08-17T16:00:00+00:00,69474.31,69479.32,69294.31,69309.32,1320
2026-08-17T17:00:00+00:00,69309.32,69316.81,69052.32,69089.31,1681
2026-08-17T18:00:00+00:00,69089.31,69114.32,69026.81,69089.31,1837
2026-08-17T19:00:00+00:00,69089.31,69119.32,68989.31,69076.81,1589
2026-08-17T20:00:00+00:00,69076.81,69076.81,68887.32,69004.31,398.7408077994429
2026-08-17T22:00:00+00:00,69004.31,69123.36,68973.87,68993.86,127
2026-08-17T23:00:00+00:00,68993.86,69096.36,68866.35,68936.35,1539.176168371212
2026-08-18T00:00:00+00:00,68936.35,69120.87,68596.36,68941.37,11026
2026-08-18T01:00:00+00:00,68941.37,69070.87,68356.37,68561.37,5983
2026-08-18T02:00:00+00:00,68561.37,68646.37,68006.35,68056.35,4745
2026-08-18T03:00:00+00:00,68056.35,68101.36,67711.35,67986.35,4966
2026-08-18T04:00:00+00:00,67986.35,68120.87,67796.35,67886.37,3696
2026-08-18T05:00:00+00:00,67886.37,67890.87,67560.86,67565.86,3021
2026-08-18T06:00:00+00:00,67565.86,67695.85,67400.87,67681.37,4518
2026-08-18T07:00:00+00:00,67681.37,67730.85,67396.36,67396.36,1923
2026-08-18T08:00:00+00:00,67396.36,67420.87,67161.35,67270.85,4959
2026-08-18T09:00:00+00:00,67270.85,67295.87,67085.85,67255.85,4916
2026-08-18T10:00:00+00:00,67255.85,67335.86,67161.35,67295.87,2239
2026-08-18T11:00:00+00:00,67295.87,67368.36,67235.85,67320.86,1974
2026-08-18T12:00:00+00:00,67320.86,67415.87,67253.35,67280.86,3002
2026-08-18T13:00:00+00:00,67280.86,67355.87,66925.86,67011.35,8828
2026-08-18T14:00:00+00:00,67011.35,67065.87,66381.35,66425.85,11024
2026-08-18T15:00:00+00:00,66425.85,66460.85,66121.35,66358.37,8142
2026-08-18T16:00:00+00:00,66358.37,66433.37,66260.87,66373.36,4025
2026-08-18T17:00:00+00:00,66373.36,66400.87,66223.37,66223.37,2486
2026-08-18T18:00:00+00:00,66223.37,66328.37,66183.37,66245.85,2332
2026-08-18T19:00:00+00:00,66245.85,66378.37,66228.35,66300.86,2462
2026-08-18T20:00:00+00:00,66300.86,66300.86,66066.35,66070.85,609.6448713212658
2026-08-18T22:00:00+00:00,66068.35,66191.27,65931.77,65996.78,381
2026-08-18T23:00:00+00:00,65996.78,66216.79,65941.77,65941.79,2547.9586410635156
2026-08-19T00:00:00+00:00,65941.79,66036.29,65346.78,65841.79,21062
2026-08-19T01:00:00+00:00,65841.79,66251.28,65816.78,65921.77,15659
2026-08-19T02:00:00+00:00,65921.77,65936.27,65606.78,65801.79,7346
2026-08-19T03:00:00+00:00,65801.79,65906.77,65676.77,65686.77,6881
2026-08-19T04:00:00+00:00,65686.77,65713.78,65156.77,65351.77,5803
2026-08-19T05:00:00+00:00,65351.77,65596.79,65221.77,65371.77,6630
2026-08-19T06:00:00+00:00,65371.77,65861.27,65296.28,65841.77,4943
2026-08-19T07:00:00+00:00,65841.77,66008.79,65686.77,66001.78,2474
2026-08-19T08:00:00+00:00,66001.78,66403.77,65871.79,66296.28,4860
2026-08-19T09:00:00+00:00,66296.28,66378.78,66111.78,66223.79,4087
2026-08-19T10:00:00+00:00,66223.79,66273.79,66111.77,66146.29,3982
2026-08-19T11:00:00+00:00,66146.29,66271.29,65991.78,66106.29,4592
2026-08-19T12:00:00+00:00,66106.29,66731.28,66031.27,66731.27,8108
2026-08-19T13:00:00+00:00,66731.27,66896.29,66106.77,66296.78,17971
2026-08-19T14:00:00+00:00,66296.78,66391.28,65756.78,66381.78,17196
2026-08-19T15:00:00+00:00,66381.78,66396.28,66106.77,66206.28,6191
2026-08-19T16:00:00+00:00,66206.28,66331.29,66081.77,66086.77,3503
2026-08-19T17:00:00+00:00,66086.77,66111.28,65901.77,65941.79,3153
2026-08-19T18:00:00+00:00,65941.79,65996.29,65741.78,65916.29,5202
2026-08-19T19:00:00+00:00,65916.29,66013.79,65846.27,65973.77,5002
2026-08-19T20:00:00+00:00,65973.77,66241.28,65943.78,66226.27,985
2026-08-19T22:00:00+00:00,66226.27,66404.86,66179.85,66379.86,243
2026-08-19T23:00:00+00:00,66379.86,66544.84,66069.84,66074.84,2026
2026-08-20T00:00:00+00:00,66074.84,66269.85,65654.84,66254.86,12430
2026-08-20T01:00:00+00:00,66254.86,66339.86,65879.84,66034.84,8909
2026-08-20T02:00:00+00:00,66034.84,66099.35,65869.84,65999.85,5296
2026-08-20T03:00:00+00:00,65999.85,66094.34,65744.85,65894.84,3955
2026-08-20T04:00:00+00:00,65894.84,66244.35,65864.84,66179.35,3074
2026-08-20T05:00:00+00:00,66179.35,66289.86,66069.84,66109.85,3291
2026-08-20T06:00:00+00:00,66109.85,66384.36,66089.84,66304.35,2656
2026-08-20T07:00:00+00:00,66304.35,66304.35,65914.34,65919.35,2330
2026-08-20T08:00:00+00:00,65919.35,66066.86,65731.84,65771.85,6802
2026-08-20T09:00:00+00:00,65771.85,65929.34,65739.34,65869.35,4299
2026-08-20T10:00:00+00:00,65869.35,65936.84,65741.85,65924.35,4088
2026-08-20T11:00:00+00:00,65924.35,65974.34,65414.34,65441.85,6686
2026-08-20T12:00:00+00:00,65441.85,65474.34,64889.35,65334.84,7026
2026-08-20T13:00:00+00:00,65334.84,65779.36,65274.84,65549.84,11727
2026-08-20T14:00:00+00:00,65549.84,65841.84,65459.86,65789.36,11358
2026-08-20T15:00:00+00:00,65789.36,65984.35,65484.85,65674.86,9057
2026-08-20T16:00:00+00:00,65674.86,65864.35,65624.84,65819.36,4777
2026-08-20T17:00:00+00:00,65819.36,65819.36,65599.84,65624.34,2035
2026-08-20T18:00:00+00:00,65624.34,65624.35,65304.84,65364.36,2139
2026-08-20T19:00:00+00:00,65364.36,65614.36,65349.84,65589.84,2126
2026-08-20T20:00:00+00:00,65589.84,65604.84,65454.84,65529.35,619
2026-08-20T22:00:00+00:00,65529.35,65551.12,65386.1,65546.1,269
2026-08-20T23:00:00+00:00,65546.1,65610.6,65196.1,65271.1,1778.6834914669928
2026-08-21T00:00:00+00:00,65271.1,65936.12,65191.11,65441.11,14889
2026-08-21T01:00:00+00:00,65441.11,65921.12,65261.11,65746.11,10607
2026-08-21T02:00:00+00:00,65746.11,66045.62,65721.1,66006.11,3782
2026-08-21T03:00:00+00:00,66006.11,66135.62,65806.11,65921.12,3704
2026-08-21T04:00:00+00:00,65921.12,66091.1,65871.1,65996.12,4149
2026-08-21T05:00:00+00:00,65996.12,66038.11,65746.1,65880.61,3404
2026-08-21T06:00:00+00:00,65880.61,66180.62,65826.1,66058.1,2676
2026-08-21T07:00:00+00:00,66058.1,66298.12,66010.61,66286.1,1239
2026-08-21T08:00:00+00:00,66286.1,66308.1,66006.12,66185.61,3396
2026-08-21T09:00:00+00:00,66185.61,66203.11,65995.61,66130.61,2385
2026-08-21T10:00:00+00:00,66130.61,66218.11,66101.1,66165.61,1574
2026-08-21T11:00:00+00:00,66165.61,66470.62,66075.6,66268.1,3361
2026-08-21T12:00:00+00:00,66268.1,66288.11,66108.12,66145.61,2362
2026-08-21T13:00:00+00:00,66145.61,66193.1,65651.12,65940.61,8748
2026-08-21T14:00:00+00:00,65940.61,65975.62,65605.6,65725.6,11006
2026-08-21T15:00:00+00:00,65725.6,66188.12,65680.61,66043.11,4238
2026-08-21T16:00:00+00:00,66043.11,66075.6,65863.1,65960.62,3455
2026-08-21T17:00:00+00:00,65960.62,65970.62,65855.61,65895.61,2047
2026-08-21T18:00:00+00:00,65895.61,65955.62,65833.11,65938.11,1389
2026-08-21T19:00:00+00:00,65938.11,66053.11,65906.1,65921.12,1744
2026-08-21T20:00:00+00:00,65921.12,65970.62,65901.11,65968.11,287
2026-08-23T22:00:00+00:00,65968.11,66136.51,65806.5,66111.51,503
2026-08-23T23:00:00+00:00,66111.51,66236.52,65886.5,66181.52,1776
2026-08-24T00:00:00+00:00,66181.52,66258.51,65646.5,66016.51,16096
2026-08-24T01:00:00+00:00,66016.51,66216.51,65766.51,65776.51,10626
2026-08-24T02:00:00+00:00,65776.51,66026.02,65746.51,65981.51,5361
2026-08-24T03:00:00+00:00,65981.51,65996.02,65551.5,65606.5,4106
2026-08-24T04:00:00+00:00,65606.5,65791.01,65591.52,65626.51,3774
2026-08-24T05:00:00+00:00,65626.51,65801.01,65551.5,65571.52,3594
2026-08-24T06:00:00+00:00,65571.52,65653.51,65456,65481.51,3322
2026-08-24T07:00:00+00:00,65481.51,65626.02,65411.5,65411.5,1705
2026-08-24T08:00:00+00:00,65411.5,65708.5,65266.5,65626.02,3860
2026-08-24T09:00:00+00:00,65626.02,65773.51,65598.5,65743.52,1858
2026-08-24T10:00:00+00:00,65743.52,65811.02,65636,65668.51,1952
2026-08-24T11:00:00+00:00,65668.51,65956.01,65578.5,65676,3770
2026-08-24T12:00:00+00:00,65676,65681.01,65411.52,65521,2852
2026-08-24T13:00:00+00:00,65521,65533.51,64911,65083.5,9141
2026-08-24T14:00:00+00:00,65083.5,65191.02,64861,65068.5,8841
2026-08-24T15:00:00+00:00,65068.5,65406.01,64966,65281,5291
2026-08-24T16:00:00+00:00,65281,65401.02,65251,65278.52,3076
2026-08-24T17:00:00+00:00,65278.52,65486.02,65256.5,65276.52,3723
2026-08-24T18:00:00+00:00,65276.52,65561.02,65276.5,65431.52,2372
2026-08-24T19:00:00+00:00,65431.52,65476.02,65296.5,65356.52,1917
2026-08-24T20:00:00+00:00,65356.52,65386.02,65306,65386.01,435
2026-08-24T22:00:00+00:00,65386.01,65438.51,65303.5,65418.5,47
2026-08-24T23:00:00+00:00,65418.5,65423.52,65123.5,65148.5,1389
2026-08-25T00:00:00+00:00,65148.5,65318.51,64613.5,65138.5,17711
2026-08-25T01:00:00+00:00,65138.5,65303.02,64853.5,65208.51,11179
2026-08-25T02:00:00+00:00,65208.51,65788,65178.5,65613.52,7181
2026-08-25T03:00:00+00:00,65613.52,65923.02,65608.5,65738.5,6027
2026-08-25T04:00:00+00:00,65738.5,65893.02,65693.5,65763.52,5250
2026-08-25T05:00:00+00:00,65763.52,65865.52,65688.5,65763.5,5633
2026-08-25T06:00:00+00:00,65763.5,65958.02,65748.5,65928.01,2615
2026-08-25T07:00:00+00:00,65928.01,65993.02,65818.5,65843.02,1270
2026-08-25T08:00:00+00:00,65843.02,66133.52,65763.52,66003,4942
2026-08-25T09:00:00+00:00,66003,66363.01,65933.51,66273.01,4254
2026-08-25T10:00:00+00:00,66273.01,66278,66158.01,66198,1663
2026-08-25T11:00:00+00:00,66198,66205.51,66073.5,66167.98999999999,1715
2026-08-25T12:00:00+00:00,66167.98999999999,66325.5,66083,66107.98999999999,2609
2026-08-25T13:00:00+00:00,66107.98999999999,66158,65903.48,65958.48999999999,8942
2026-08-25T14:00:00+00:00,65958.48999999999,65973,65568.48,65880.48999999999,8637
2026-08-25T15:00:00+00:00,65880.48999999999,66098,65820.48,65963.5,4231
2026-08-25T16:00:00+00:00,65963.5,66083,65958.48,66020.48999999999,2105
2026-08-25T17:00:00+00:00,66020.48999999999,66020.48999999999,65882.98999999999,65917.98999999999,1485
2026-08-25T18:00:00+00:00,65917.98999999999,66038,65873,66002.98999999999,1177
2026-08-25T19:00:00+00:00,66002.98999999999,66103,65902.98,66068.5,1542
2026-08-25T20:00:00+00:00,66068.5,66203.48999999999,66007.98999999999,66025.48999999999,880
2026-08-25T22:00:00+00:00,66015.51,66130.12,65970.12,65980.12,339
2026-08-25T23:00:00+00:00,65980.12,66015.12,65660.1,65660.1,1518
2026-08-26T00:00:00+00:00,65660.1,65759.62,65400.11,65400.11,13325
2026-08-26T01:00:00+00:00,65400.11,65834.6,65390.1,65825.12,8240
2026-08-26T02:00:00+00:00,65825.12,66514.61,65760.1,66415.12,3772
2026-08-26T03:00:00+00:00,66415.12,66422.11,66180.1,66280.11,4511
2026-08-26T04:00:00+00:00,66280.11,66439.6,66195.1,66365.1,3488
2026-08-26T05:00:00+00:00,66365.1,66419.62,66255.11,66315.1,3316
2026-08-26T06:00:00+00:00,66315.1,66427.12,66229.6,66340.12,2159
2026-08-26T07:00:00+00:00,66340.12,66364.62,66175.11,66215.11,1445
2026-08-26T08:00:00+00:00,66215.11,66397.12,66189.6,66322.1,2380
2026-08-26T09:00:00+00:00,66322.1,66334.6,66209.6,66304.6,1817
2026-08-26T10:00:00+00:00,66304.6,66337.12,66199.62,66307.12,1832
2026-08-26T11:00:00+00:00,66307.12,66417.11,66159.61,66267.1,2538
2026-08-26T12:00:00+00:00,66267.1,66365.12,65955.11,65980.12,3979
2026-08-26T13:00:00+00:00,65980.12,66394.61,65905.11,66314.62,7006
2026-08-26T14:00:00+00:00,66314.62,66314.62,65922.11,65967.1,5037
2026-08-26T15:00:00+00:00,65967.1,66052.11,65874.6,65914.6,3633
2026-08-26T16:00:00+00:00,65914.6,65922.13999999998,65767.13999999998,65884.62999999999,2316
2026-08-26T17:00:00+00:00,65884.62999999999,65957.12,65859.62999999999,65927.12,1053
2026-08-26T18:00:00+00:00,65927.12,66019.63999999998,65902.12,65987.12,999
2026-08-26T19:00:00+00:00,65987.12,66074.63999999998,65970.12,66000.12,1854
2026-08-26T20:00:00+00:00,66000.12,66182.13999999998,65945.12999999999,66179.62,2975
2026-08-26T22:00:00+00:00,66169.6,67341.73,66169.6,67096.23,568
2026-08-26T23:00:00+00:00,67096.23,67206.73,66911.71,67081.72,2092
2026-08-27T00:00:00+00:00,67081.72,67091.72,65866.73,65871.73,15542
2026-08-27T01:00:00+00:00,65871.73,66286.23999999999,65761.73999999999,66126.72,9919
2026-08-27T02:00:00+00:00,66126.72,66348.73,66096.72,66231.73999999999,5472
2026-08-27T03:00:00+00:00,66231.73999999999,66516.23999999999,66206.72,66441.72,3863
2026-08-27T04:00:00+00:00,66441.72,66516.23999999999,66131.72,66236.73,4255
2026-08-27T05:00:00+00:00,66236.73,66251.22,65991.72,66136.73999999999,3446
2026-08-27T06:00:00+00:00,66136.73999999999,66208.73999999999,66036.22,66183.72,2478
2026-08-27T07:00:00+00:00,66183.72,66206.23,66051.23,66166.22,1473
2026-08-27T08:00:00+00:00,66166.22,66471.23999999999,66146.73,66341.23,2949
2026-08-27T09:00:00+00:00,66341.23,66403.73,66266.22,66311.22,2791
2026-08-27T10:00:00+00:00,66311.22,66311.23999999999,66151.73999999999,66238.72,1937
2026-08-27T11:00:00+00:00,66238.72,66291.23,66091.22,66263.73999999999,3795
2026-08-27T12:00:00+00:00,66263.73999999999,66358.72,66153.72,66171.23,2889
2026-08-27T13:00:00+00:00,66171.23,66431.23,65678.73,65786.22,12606
2026-08-27T14:00:00+00:00,65786.22,66136.22,65756.22,66021.23999999999,11331
2026-08-27T15:00:00+00:00,66021.23999999999,66106.70000000001,65872.20000000001,66077.21,4805
2026-08-27T16:00:00+00:00,66077.21,66221.73,66017.21,66212.23,2360
2026-08-27T17:00:00+00:00,66212.23,66241.73,65967.21,65986.72,1802
2026-08-27T18:00:00+00:00,65986.72,66001.73,65806.73,65906.71,2853
2026-08-27T19:00:00+00:00,65906.71,66231.73,65899.21,66226.72,2295
2026-08-27T20:00:00+00:00,66226.72,66251.73,66077.21,66159.21,706
2026-08-27T22:00:00+00:00,66173.71,66173.71,66042.9,66102.9,257
2026-08-27T23:00:00+00:00,66102.9,66152.88,65852.88,66132.89,1485
2026-08-28T00:00:00+00:00,66132.89,66582.88,66027.88,66467.89,12466
2026-08-28T01:00:00+00:00,66467.89,66692.89,66392.88,66637.9,7102
2026-08-28T02:00:00+00:00,66637.9,66817.9,66522.88,66592.88,3529
2026-08-28T03:00:00+00:00,66592.88,66824.88,66427.88,66677.9,3795
2026-08-28T04:00:00+00:00,66677.9,66687.38,66497.88,66572.9,2991
2026-08-28T05:00:00+00:00,66572.9,66572.9,66252.88,66282.89,3367
2026-08-28T06:00:00+00:00,66282.89,66542.39,66267.88,66532.4,2464
2026-08-28T07:00:00+00:00,66532.4,66562.39,66432.89,66479.88,1122
2026-08-28T08:00:00+00:00,66479.88,66662.4,66442.88,66592.9,2980
2026-08-28T09:00:00+00:00,66592.9,66679.89,66577.88,66607.38,2224
2026-08-28T10:00:00+00:00,66607.38,66614.89,66502.39,66569.88,1770
2026-08-28T11:00:00+00:00,66569.88,66667.39,66492.38,66499.89,2003
2026-08-28T12:00:00+00:00,66499.89,66562.4,66412.89,66514.9,2262
2026-08-28T13:00:00+00:00,66514.9,66712.88,66314.88,66617.9,7313
2026-08-28T14:00:00+00:00,66617.9,66827.4,66147.38,66777.4,14873
2026-08-28T15:00:00+00:00,66777.4,66797.38,65859.88,65862.88,7995
2026-08-28T16:00:00+00:00,65862.88,65904.9,65639.88,65809.9,10539
2026-08-28T17:00:00+00:00,65809.9,65842.38,65637.38,65819.88,7592
2026-08-28T18:00:00+00:00,65819.88,65837.4,65642.38,65679.9,4534
2026-08-28T19:00:00+00:00,65679.9,65827.4,65664.88,65744.89,3618
2026-08-28T20:00:00+00:00,65744.89,65817.39,65702.4,65807.9,744
2026-08-30T22:00:00+00:00,65807.9,65807.9,65438.4,65568.41,469
2026-08-30T23:00:00+00:00,65568.41,65693.4,64798.41,64808.41,3430
2026-08-31T00:00:00+00:00,64803.42,65518.42,64578.42,65128.41,15514
2026-08-31T01:00:00+00:00,65128.41,65323.42,64983.4,65163.4,11480
2026-08-31T02:00:00+00:00,65163.4,65503.42,65128.4,65503.42,7152
2026-08-31T03:00:00+00:00,65503.42,65708.42,65483.4,65693.4,5189
2026-08-31T04:00:00+00:00,65693.4,66157.9,65658.4,66128.4,3384
2026-08-31T05:00:00+00:00,66128.4,66237.92,66033.4,66148.4,4846
2026-08-31T06:00:00+00:00,66148.4,66465.41,66073.4,66432.92,3483
2026-08-31T07:00:00+00:00,66432.92,66437.92,66318.4,66353.41,1370
2026-08-31T08:00:00+00:00,66353.41,66392.92,66258.4,66368.4,3277
2026-08-31T09:00:00+00:00,66368.4,66492.92,66237.9,66243.4,1951
2026-08-31T10:00:00+00:00,66243.4,66327.92,66203.41,66310.41,1903
2026-08-31T11:00:00+00:00,66310.41,66347.92,66247.91,66307.92,2120
2026-08-31T12:00:00+00:00,66307.92,66492.92,66183.4,66237.92,3510
2026-08-31T13:00:00+00:00,66237.92,66462.92,66098.42,66247.92,7746
2026-08-31T14:00:00+00:00,66247.92,66292.9,66050.42,66100.4,6411
2026-08-31T15:00:00+00:00,66100.4,66177.9,65765.4,65772.91,5480
2026-08-31T16:00:00+00:00,65772.91,65905.4,65732.92,65887.9,3254
2026-08-31T17:00:00+00:00,65887.9,65887.92,65695.4,65815.41,2388
2026-08-31T18:00:00+00:00,65815.41,65852.92,65702.91,65752.9,2000
2026-08-31T19:00:00+00:00,65752.9,65952.9,65705.42,65852.92,2224
2026-08-31T20:00:00+00:00,65852.92,65887.92,65773.4,65803.4,967
2026-08-31T22:00:00+00:00,65803.4,65830.23,65765.21,65795.22,188
2026-08-31T23:00:00+00:00,65795.22,65957.23,65765.23,65800.21,2101
2026-09-01T00:00:00+00:00,65800.21,66010.23,65550.22,66005.21,12015
2026-09-01T01:00:00+00:00,66005.21,66410.23,66000.21,66145.22,8895
2026-09-01T02:00:00+00:00,66145.22,66240.23,65985.22,66240.21,4187
2026-09-01T03:00:00+00:00,66240.21,66260.22,66100.21,66225.23,4535
2026-09-01T04:00:00+00:00,66225.23,66374.71,66105.21,66130.23,3201
2026-09-01T05:00:00+00:00,66130.23,66529.73,66105.21,66460.22,3796
2026-09-01T06:00:00+00:00,66460.22,66514.72,66115.22,66115.22,2768
2026-09-01T07:00:00+00:00,66115.22,66254.73,65944.72,65995.22,2211
2026-09-01T08:00:00+00:00,65995.22,66005.22,65030.21,65075.22,9409
2026-09-01T09:00:00+00:00,65075.22,65134.73,64950.23,65004.73,5057
2026-09-01T10:00:00+00:00,65004.73,65184.73,64984.72,65049.73,2840
2026-09-01T11:00:00+00:00,65049.73,65119.72,64960.23,64979.71,2634
2026-09-01T12:00:00+00:00,64979.71,65032.21,64917.21,64977.23,2939
2026-09-01T13:00:00+00:00,64977.23,65162.22,64884.71,65055.22,6027
2026-09-01T14:00:00+00:00,65055.22,65479.72,65015.21,65364.71,5023
2026-09-01T15:00:00+00:00,65364.71,65609.73,65184.71,65599.71,3824
2026-09-01T16:00:00+00:00,65599.71,65604.73,65034.73,65089.72,4253
2026-09-01T17:00:00+00:00,65089.72,65099.73,64782.21,64912.22,3112
2026-09-01T18:00:00+00:00,64912.22,64937.22,64620.22,64750.21,3162
2026-09-01T19:00:00+00:00,64750.21,64899.73,64745.21,64850.21,3565
2026-09-01T20:00:00+00:00,64850.21,64914.71,64760.22,64874.72,1209
2026-09-01T22:00:00+00:00,64874.72,64874.72,64716.99,64796.99,380
2026-09-01T23:00:00+00:00,64796.99,64896.51,64706.99,64807.01,2300
2026-09-02T00:00:00+00:00,64807.01,64912.01,64372.01,64472,11346
2026-09-02T01:00:00+00:00,64472,64696.49,64226.51,64291.5,7104
2026-09-02T02:00:00+00:00,64291.5,64551.49,64246.99,64441.49,3750
2026-09-02T03:00:00+00:00,64441.49,64476.51,64311.99,64347,3373
2026-09-02T04:00:00+00:00,64347,64357,64196.99,64276.99,3143
2026-09-02T05:00:00+00:00,64276.99,64501.49,64221.99,64456.99,3012
2026-09-02T06:00:00+00:00,64456.99,64481.5,64201.49,64421.51,4007
2026-09-02T07:00:00+00:00,64421.51,64556.5,64316.99,64366.5,2079
2026-09-02T08:00:00+00:00,64366.5,64491.51,64038.99,64131.49,5394
2026-09-02T09:00:00+00:00,64131.49,64244.01,63736.49,63882,5180
2026-09-02T10:00:00+00:00,63882,63951.49,63716.49,63916.51,3328
2026-09-02T11:00:00+00:00,63916.51,64166.51,63706.49,64166.51,4610
2026-09-02T12:00:00+00:00,64166.51,64321.51,64011.99,64041.51,3850
2026-09-02T13:00:00+00:00,64041.51,64286.51,63961.99,64182.01,7836
2026-09-02T14:00:00+00:00,64182.01,64596.51,64131.99,64327.01,7132
2026-09-02T15:00:00+00:00,64327.01,64601.5,64302,64542.01,4173
2026-09-02T16:00:00+00:00,64542.01,64596.51,64501.99,64583.99,2309
2026-09-02T17:00:00+00:00,64583.99,64733.99,64556.99,64716.51,2427
2026-09-02T18:00:00+00:00,64716.51,64826.49,64606.49,64666.51,2292
2026-09-02T19:00:00+00:00,64666.51,64816.5,64646.49,64727.01,1926
2026-09-02T20:00:00+00:00,64727.01,64736.51,64451.99,64466.5,1456
2026-09-02T22:00:00+00:00,64466.5,64604.21,64454.21,64544.19,213
2026-09-02T23:00:00+00:00,64544.19,64739.21,64469.2,64669.19,1602
2026-09-03T00:00:00+00:00,64669.19,64689.19,64119.19,64224.2,13632
2026-09-03T01:00:00+00:00,64224.2,64504.21,64204.19,64294.2,8640
2026-09-03T02:00:00+00:00,64294.2,64488.71,64254.19,64394.2,4449
2026-09-03T03:00:00+00:00,64394.2,64603.71,64379.2,64549.19,4417
2026-09-03T04:00:00+00:00,64549.19,64588.69,64399.2,64409.2,4210
2026-09-03T05:00:00+00:00,64409.2,64413.71,63748.7,64268.69,11290
2026-09-03T06:00:00+00:00,64268.69,64446.2,64094.19,64166.21,4291
2026-09-03T07:00:00+00:00,64166.21,64398.7,64004.19,64233.71,3368
2026-09-03T08:00:00+00:00,64233.71,64563.7,64159.2,64268.71,7715
2026-09-03T09:00:00+00:00,64268.71,64308.7,63884.2,63918.71,4864
2026-09-03T10:00:00+00:00,63918.71,63953.71,63764.2,63828.69,4187
2026-09-03T11:00:00+00:00,63828.69,64003.71,63738.7,63758.7,5775
2026-09-03T12:00:00+00:00,63758.7,64168.7,63689.19,64106.21,6511
2026-09-03T13:00:00+00:00,64106.21,64151.21,63723.7,63998.69,10230
2026-09-03T14:00:00+00:00,63998.69,64223.7,63693.7,64218.71,12007
2026-09-03T15:00:00+00:00,64218.71,64648.7,64214.19,64558.71,5189
2026-09-03T16:00:00+00:00,64558.71,64681.21,64488.69,64611.21,2960
2026-09-03T17:00:00+00:00,64611.21,64623.7,64506.2,64588.69,2270
2026-09-03T18:00:00+00:00,64588.69,64698.7,64516.19,64526.19,1692
2026-09-03T19:00:00+00:00,64526.19,64598.7,64486.19,64568.7,1689
2026-09-03T20:00:00+00:00,64568.7,64664.19,64534.2,64653.71,892
2026-09-03T22:00:00+00:00,64653.71,64735.95,64585.94,64690.95,195
2026-09-03T23:00:00+00:00,64690.95,64765.45,64560.95,64600.94,1862
2026-09-04T00:00:00+00:00,64600.94,64850.45,64270.95,64725.45,11088
2026-09-04T01:00:00+00:00,64725.45,64805.95,64560.94,64630.46,4125
2026-09-04T02:00:00+00:00,64630.46,64885.44,64560.94,64840.96,1793
2026-09-04T03:00:00+00:00,64840.96,64955.46,64700.94,64902.96,1576
2026-09-04T04:00:00+00:00,64902.96,65075.45,64775.94,64950.44,1939
2026-09-04T05:00:00+00:00,64950.44,65180.44,64940.95,65037.96,1785
2026-09-04T06:00:00+00:00,65037.96,65082.95,64907.94,64907.94,2157
2026-09-04T07:00:00+00:00,64907.94,65095.46,64892.94,65055.44,1078
2026-09-04T08:00:00+00:00,65055.44,65125.46,64955.94,65120.46,2723
2026-09-04T09:00:00+00:00,65120.46,65235.46,64975.94,65185.94,1883
2026-09-04T10:00:00+00:00,65185.94,65297.94,65120.95,65265.46,1855
2026-09-04T11:00:00+00:00,65265.46,65277.96,65165.44,65270.44,1627
2026-09-04T12:00:00+00:00,65270.44,65330.96,64690.44,64715.96,9026
2026-09-04T13:00:00+00:00,64715.96,65580.44,64635.95,65532.96,7645
2026-09-04T14:00:00+00:00,65532.96,65645.45,65400.45,65605.45,9504
2026-09-04T15:00:00+00:00,65605.45,65822.96,65572.94,65790.44,6027
2026-09-04T16:00:00+00:00,65790.44,65947.95,65765.44,65787.95,2149
2026-09-04T17:00:00+00:00,65787.95,65812.96,65587.94,65657.95,1995
2026-09-04T18:00:00+00:00,65657.95,65742.96,65607.96,65717.94,1529
2026-09-04T19:00:00+00:00,65717.94,65840.46,65647.94,65815.46,1606
2026-09-04T20:00:00+00:00,65815.46,65830.46,65730.94,65782.96,363
2026-09-06T22:00:00+00:00,65782.96,66370.55,65782.96,66101.03,246
2026-09-06T23:00:00+00:00,66101.03,66120.55,65886.03,66056.04,2012
2026-09-07T00:00:00+00:00,66056.04,66396.05,65881.04,66121.04,9943
2026-09-07T01:00:00+00:00,66121.04,66515.55,66106.03,66490.55,5593
2026-09-07T02:00:00+00:00,66490.55,66670.55,66181.03,66215.55,3838
2026-09-07T03:00:00+00:00,66215.55,66300.55,66011.03,66246.03,7573
2026-09-07T04:00:00+00:00,66246.03,66320.55,66176.03,66306.05,5548
2026-09-07T05:00:00+00:00,66306.05,66360.55,66146.04,66160.55,3536
2026-09-07T06:00:00+00:00,66160.55,66480.55,66146.03,66465.55,2867
2026-09-07T07:00:00+00:00,66465.55,66518.05,66276.03,66421.05,2100
2026-09-07T08:00:00+00:00,66421.05,66438.05,66156.03,66260.53,5316
2026-09-07T09:00:00+00:00,66260.53,66315.54,66081.05,66095.55,1973
2026-09-07T10:00:00+00:00,66095.55,66120.55,65955.54,65973.05,2135
2026-09-07T11:00:00+00:00,65973.05,65990.53,65855.53,65895.53,2332
2026-09-07T12:00:00+00:00,65895.53,66025.55,65841.03,66025.55,1635
2026-09-07T13:00:00+00:00,66025.55,66135.54,65993.03,66113.05,2026
2026-09-07T14:00:00+00:00,66113.05,66163.03,65978.04,65980.54,1877
2026-09-07T15:00:00+00:00,65980.54,66095.55,65973.04,66055.54,2021
2026-09-07T16:00:00+00:00,66055.54,66065.54,65995.54,66035.55,692
2026-09-07T22:00:00+00:00,66035.55,66137.18,65977.68,66007.68,123
2026-09-07T23:00:00+00:00,66007.68,66017.68,65787.66,65812.67,1612
2026-09-08T00:00:00+00:00,65812.67,66772.18,65712.67,66707.66,7517
2026-09-08T01:00:00+00:00,66707.66,66737.18,66402.67,66507.67,4685
2026-09-08T02:00:00+00:00,66507.67,66604.67,66357.66,66372.16,2935
2026-09-08T03:00:00+00:00,66372.16,66697.17,66357.66,66617.18,2324
2026-09-08T04:00:00+00:00,66617.18,66627.18,66357.66,66367.17,2420
2026-09-08T05:00:00+00:00,66367.17,66377.16,65747.66,65757.17,4675
2026-09-08T06:00:00+00:00,65757.17,65772.18,65092.66,65429.68,6394
2026-09-08T07:00:00+00:00,65429.68,65524.68,65014.68,65039.67,4166
2026-09-08T08:00:00+00:00,65039.67,65207.18,64912.66,65079.67,9795
2026-09-08T09:00:00+00:00,65079.67,65412.18,64989.66,65319.68,5076
2026-09-08T10:00:00+00:00,65319.68,65532.16,65227.17,65302.16,3656
2026-09-08T11:00:00+00:00,65302.16,65412.17,65177.17,65399.68,3512
2026-09-08T12:00:00+00:00,65399.68,65437.16,65132.17,65437.16,4670
2026-09-08T13:00:00+00:00,65437.16,65609.67,65257.66,65262.67,9298
2026-09-08T14:00:00+00:00,65262.67,65372.16,65109.66,65359.67,8949
2026-09-08T15:00:00+00:00,65359.67,65497.18,65312.18,65414.68,3665
2026-09-08T16:00:00+00:00,65414.68,65467.17,65242.67,65307.17,2790
2026-09-08T17:00:00+00:00,65307.17,65454.68,65307.17,65409.67,1632
2026-09-08T18:00:00+00:00,65409.67,65497.17,65247.16,65277.16,3016
2026-09-08T19:00:00+00:00,65277.16,65314.68,65074.68,65152.16,3507
2026-09-08T20:00:00+00:00,65152.16,65177.18,65002.67,65047.18,689
2026-09-08T22:00:00+00:00,65047.18,65099.01,64914.5,65054.49,97
2026-09-08T23:00:00+00:00,65054.49,65069.51,64794.49,64939.5,1876
2026-09-09T00:00:00+00:00,64939.5,65699.5,64934.49,65579,7360
2026-09-09T01:00:00+00:00,65579,65769,65384.49,65489.5,3451
2026-09-09T02:00:00+00:00,65489.5,65599,65359.49,65444.5,2131
2026-09-09T03:00:00+00:00,65444.5,65569,65159.5,65224.49,2426
2026-09-09T04:00:00+00:00,65224.49,65319.01,65059.49,65279,2641
2026-09-09T05:00:00+00:00,65279,65279,64989.49,65144.5,3746
2026-09-09T06:00:00+00:00,65144.5,65246.5,64934.01,65164,3044
2026-09-09T07:00:00+00:00,65164,65308.99,65129.49,65231.51,1712
2026-09-09T08:00:00+00:00,65231.51,65341.49,65114,65226.51,3771
2026-09-09T09:00:00+00:00,65226.51,65286.51,64716.49,64744,4635
2026-09-09T10:00:00+00:00,64744,64761.51,64436.5,64491.5,6565
2026-09-09T11:00:00+00:00,64491.5,64611.5,64389.49,64413.99,5692
2026-09-09T12:00:00+00:00,64413.99,64561.5,64299.49,64526.49,3436
2026-09-09T13:00:00+00:00,64526.49,64926.51,64516.49,64914.01,8171
2026-09-09T14:00:00+00:00,64914.01,64978.99,64504.49,64549.01,7498
2026-09-09T15:00:00+00:00,64549.01,64633.99,64179,64276.49,10234
2026-09-09T16:00:00+00:00,64276.49,64354.01,64131.49,64308.99,3300
2026-09-09T17:00:00+00:00,64308.99,64408.99,64276.51,64366.51,2450
2026-09-09T18:00:00+00:00,64366.51,64381.5,64211.5,64226.51,1497
2026-09-09T19:00:00+00:00,64226.51,64291.51,64136.5,64174.49,1525
2026-09-09T20:00:00+00:00,64174.49,64359.01,64134.49,64359.01,684
2026-09-09T22:00:00+00:00,64359.01,64382.99,64333,64358,100
2026-09-09T23:00:00+00:00,64358,64575,64263.01,64572.99,1979
2026-09-10T00:00:00+00:00,64572.99,64782.5,64257.99,64357.99,16078
2026-09-10T01:00:00+00:00,64357.99,64517.51,64143,64493.01,11900
2026-09-10T02:00:00+00:00,64493.01,64667.51,64447.99,64633.01,5300
2026-09-10T03:00:00+00:00,64633.01,64747.51,64603.01,64708,4373
2026-09-10T04:00:00+00:00,64713.01,64937.5,64668,64932.51,3258
2026-09-10T05:00:00+00:00,64932.51,65070.01,64792.99,64893,3349
2026-09-10T06:00:00+00:00,64893,65317.5,64893,65123,3747
2026-09-10T07:00:00+00:00,65123,65178.01,64982.99,65048,2151
2026-09-10T08:00:00+00:00,65048,65192.49,64827.99,64867.5,3999
2026-09-10T09:00:00+00:00,64867.5,64967.5,64752.51,64912.49,3083
2026-09-10T10:00:00+00:00,64912.49,65052.5,64848.01,64870,3628
2026-09-10T11:00:00+00:00,64870,64885.01,64537.99,64537.99,3684
2026-09-10T12:00:00+00:00,64537.99,64603.01,64167.51,64237.51,8067
2026-09-10T13:00:00+00:00,64237.51,64360,64068,64078.01,9488
2026-09-10T14:00:00+00:00,64078.01,64472.5,64022.49,64257.5,7561
2026-09-10T15:00:00+00:00,64257.5,64275,64044.99,64097.49,6245
2026-09-10T16:00:00+00:00,64097.49,64202.51,63932.99,64189.99,4198
2026-09-10T17:00:00+00:00,64189.99,64272.5,63997.99,64052.51,2928
2026-09-10T18:00:00+00:00,64052.51,64120.01,63917.5,64040.01,2989
2026-09-10T19:00:00+00:00,64040.01,64082.51,63912.49,64012.51,3163
2026-09-10T20:00:00+00:00,64012.51,64097.5,63972.99,64035.01,946
2026-09-10T22:00:00+00:00,64035.01,64062.5,63918.01,63942.49,413
2026-09-10T23:00:00+00:00,63942.49,64002.49,63117.99,63133.01,2200
2026-09-11T00:00:00+00:00,63133.01,63613.01,63022.99,63598,11085
2026-09-11T01:00:00+00:00,63598,63628.01,63177.99,63362.99,8332
2026-09-11T02:00:00+00:00,63362.99,63527.5,63247.99,63307.99,3766
2026-09-11T03:00:00+00:00,63307.99,63517.51,63237.99,63467.99,3704
2026-09-11T04:00:00+00:00,63467.99,63883,63423.01,63688,4176
2026-09-11T05:00:00+00:00,63688,64048.01,63672.99,63918.01,3886
2026-09-11T06:00:00+00:00,63918.01,64192.49,63882.99,64182.49,3254
2026-09-11T07:00:00+00:00,64182.49,64297.5,64053.01,64127.99,1769
2026-09-11T08:00:00+00:00,64127.99,64472.5,63962.99,64459.99,4029
2026-09-11T09:00:00+00:00,64459.99,64472.5,64292.99,64357.5,2174
2026-09-11T10:00:00+00:00,64357.5,64462.5,64277.99,64312.5,2524
2026-09-11T11:00:00+00:00,64312.5,64367.49,64200.01,64272.5,1845
2026-09-11T12:00:00+00:00,64272.5,64662.51,64008,64652.5,6375
2026-09-11T13:00:00+00:00,64652.5,64762.99,64432.5,64753,7671
2026-09-11T14:00:00+00:00,64753,64753,64480.01,64529.99,10380
2026-09-11T15:00:00+00:00,64529.99,64890,64519.99,64784.99,3908
2026-09-11T16:00:00+00:00,64784.99,64859.99,64647.49,64742.49,3414
2026-09-11T17:00:00+00:00,64742.49,64824.99,64715,64744.99,1709
2026-09-11T18:00:00+00:00,64744.99,64770,64664.99,64679.99,1721
2026-09-11T19:00:00+00:00,64679.99,64755.01,64652.49,64687.49,1493
2026-09-11T20:00:00+00:00,64687.49,64712.49,64648,64662.99,397
